source_id,slide_ranges,topic,status,book_anchors,decision,review_depth
BE-410cd2c56424,1-11,"Course introduction, objectives, activities and administration",omitted-with-reason,chapters/01-understanding-decision-making.qmd#chapter-01-start,Book learning goals and practice lab serve the reader; course logistics and live polls do not belong in the book.,full ordered slide text and attached speaker notes
BE-410cd2c56424,12-18,Rationality benchmark,already-covered,chapters/01-understanding-decision-making.qmd#a-rational-benchmark; chapters/01-understanding-decision-making.qmd#judgment-prediction-valuation-and-choice,"Canonical chapter develops predictions, values, feasible alternatives and choice.",full ordered slide text and attached speaker notes
BE-410cd2c56424,19-24,"Google arrow, subscription decoy, survival/mortality and donation defaults",already-covered,chapters/01-understanding-decision-making.qmd#seven-ways-context-enters-choice,Concrete contrasts and differing evidence strengths already present.,full ordered slide text and attached speaker notes
BE-410cd2c56424,25-27,"Museum motive, Mars accessibility, behavioral mechanisms",strengthened,chapters/01-understanding-decision-making.qmd#the-same-museum-a-different-active-motive; chapters/13-priming-fluency-and-familiarity.qmd#environmental-cues-and-product-accessibility,Added falsifiable mechanism paragraph and experimental dog/Puma counterpart to the Mars anecdote.,full ordered slide text and attached speaker notes
BE-410cd2c56424,28-35,"Normative, descriptive, prescriptive and decision loop",already-covered,chapters/01-understanding-decision-making.qmd#normative-descriptive-and-prescriptive; chapters/01-understanding-decision-making.qmd#a-functional-decision-loop,Framework already organizes the book; references are source leads rather than reader content.,full ordered slide text and attached speaker notes
BE-410cd2c56424,36,Watching eyes and coffee contributions,omitted-with-reason,,Cross-range topic forwarded to social-influence owner; no duplicate in foundations.,full ordered slide text and attached speaker notes
BE-86ca63fe16a9,1-13,"Decision loop, prediction/value and opportunity costs",already-covered,chapters/01-understanding-decision-making.qmd#a-functional-decision-loop; chapters/02-structuring-a-decision.qmd#name-the-opportunity-cost,"Existing sequence separates model, valuation and feasible choice with concrete comparisons.",full ordered slide text and attached speaker notes
BE-86ca63fe16a9,14-19,"Automatic value, purchase prediction and multiple systems",strengthened,chapters/06-valuation.qmd#automatic-evaluation-is-a-first-pass-not-the-decision; chapters/06-valuation.qmd#neural-predictors-of-purchases,Added Knutson product-price-choice design and predictive boundary.,full ordered slide text and attached speaker notes
BE-86ca63fe16a9,20-21,"Own name, newly relevant Audi, name letters",added,chapters/03-limited-attention.qmd#own-name-and-newly-relevant-cues; chapters/06-valuation.qmd#name-letters-and-self-association,Separated selective noticing from frequency change and letter liking from strong implicit-egotism claims.,full ordered slide text and attached speaker notes
BE-86ca63fe16a9,22-26,"Social/emotional value, lesion case and bodily state",already-covered,chapters/06-valuation.qmd#interoception-and-allostasis; chapters/06-valuation.qmd#context-can-change-the-price-of-waiting,"Existing chapter distinguishes emotion, bodily state and time preferences; visual BBC clip is illustration rather than additional evidence.",full ordered slide text and attached speaker notes
BE-86ca63fe16a9,27-30,"Wine labels, proximate/ultimate explanations and loop",already-covered,chapters/06-valuation.qmd#price-can-be-both-an-outcome-and-an-input; chapters/06-valuation.qmd#how-value-works-is-not-why-a-value-system-exists,Existing price study and Tinbergen discussion cover the mechanisms.,full ordered slide text and attached speaker notes
BE-86ca63fe16a9,31-46,"Outcomes versus process, poker, choice blindness, rationalization, journaling and references",strengthened,chapters/01-understanding-decision-making.qmd#outcome-is-not-process; chapters/07-rationalization.qmd#choice-blindness-and-the-confidence-of-explanation; chapters/07-rationalization.qmd#the-interpreter-and-confabulation; chapters/07-rationalization.qmd#record-before-review-after,Expanded split-brain explanation alongside existing choice-blindness demonstration. Administrative material omitted.,full ordered slide text and attached speaker notes
BE-86ca63fe16a9,47-48,Incidental valuation during an age task,added,chapters/06-valuation.qmd#incidental-value-and-incentive-effort,Lebreton design distinguishes visible incidental evaluation from masked incentive processing.,full ordered slide text and attached speaker notes
BE-86ca63fe16a9,49-51,Consulting versus education start-up decision activity and hidden process,already-covered,chapters/02-structuring-a-decision.qmd#make-predictions-inspectable; chapters/02-structuring-a-decision.qmd#make-values-and-trade-offs-inspectable; chapters/01-understanding-decision-making.qmd#a-functional-decision-loop,Book uses sustained hiring and decision-recommendation cases instead of duplicating every classroom scenario.,full ordered slide text and attached speaker notes
BE-ef2fbeadef37,1-10,"Perception activity, priors and Dalmatian",already-covered,chapters/04-predictive-mind.qmd#patches-become-a-scene; chapters/04-predictive-mind.qmd#recognition-reveal,Opening image and delayed reveal already support the reading experience.,full ordered slide text and attached speaker notes
BE-ef2fbeadef37,11-13,"Face contrast, Thatcher and hollow face",strengthened,chapters/04-predictive-mind.qmd#face-orientation-and-emotional-context; chapters/04-predictive-mind.qmd#hollow-face-illusion,Added orientation-dependent face configuration; inspected embedded visual stimuli.,full ordered slide text and attached speaker notes
BE-ef2fbeadef37,14-20,"Illumination, checker/cubes, restored sight and duck/rabbit",already-covered,chapters/04-predictive-mind.qmd#color-and-illumination-context; chapters/04-predictive-mind.qmd#when-appearance-and-measurement-diverge; chapters/04-predictive-mind.qmd#research-lens-restored-sight-as-a-bounded-calibration-case; chapters/04-predictive-mind.qmd#ambiguous-animals-and-seasonal-context,Existing figures and bounded case provide clear demonstrations; no redundant figure added.,full ordered slide text and attached speaker notes
BE-ef2fbeadef37,21-22,Fear music and ambiguous figures,added,chapters/04-predictive-mind.qmd#face-orientation-and-emotional-context,Explains reported interpretations rather than claiming music changes retinal input.,full ordered slide text and attached speaker notes
BE-ef2fbeadef37,23-27,"Expectations, placebo/nocebo and mindsets",strengthened,chapters/05-expectations.qmd#diagnose-the-direction-of-the-loop; chapters/05-expectations.qmd#mindset-physiology-and-measured-outcomes,Developed milkshake and room-attendant comparisons with later studies and outcome-specific limits.,full ordered slide text and attached speaker notes
BE-ef2fbeadef37,28-29,Identity stereotypes and cultural gender comparisons,omitted-with-reason,,Forwarded Shih/Guiso material to identity chapter owner; avoid duplicating identity treatment.,full ordered slide text and attached speaker notes
BE-ef2fbeadef37,30-33,Aging and interpersonal/Pygmalion expectations,strengthened,chapters/05-expectations.qmd#expectations-about-aging; chapters/05-expectations.qmd#tbl-08-1,Added longitudinal aging association; interpersonal expectations already developed.,full ordered slide text and attached speaker notes
BE-ef2fbeadef37,34-42,"Summary, references, Umwelt and precision",already-covered,chapters/03-limited-attention.qmd#available-information-is-not-complete-information; chapters/04-predictive-mind.qmd#fig-predictive-processing-decision,Sensory windows and precision already explained. Summary/reference/admin slides add no separate prose.,full ordered slide text and attached speaker notes
BE-ef2fbeadef37,43,Learning and speech discrimination,added,chapters/04-predictive-mind.qmd#learning-which-speech-distinctions-matter,Added infant-language tuning with explicit contrast and non-irreversibility boundary.,full ordered slide text and attached speaker notes
BE-ef2fbeadef37,44,Astrology and mortality,omitted-with-reason,,Appendix F and root handle inferential critique; no causal belief-mortality claim imported.,full ordered slide text and attached speaker notes
BE-ef2fbeadef37,45-49,Model calibration and expectation pathways,already-covered,chapters/04-predictive-mind.qmd#fig-predictive-processing-decision; chapters/05-expectations.qmd#tbl-08-expectation-pathways,Existing diagnostic model and mechanisms cover the teaching point.,full ordered slide text and attached speaker notes
BE-ef2fbeadef37,50-52,"Stress, aging and cross-cultural memory",strengthened,chapters/05-expectations.qmd#reappraising-stress-arousal; chapters/05-expectations.qmd#expectations-about-aging,Added randomized stress-reappraisal design and observational aging study; no causal cultural-memory generalization.,full ordered slide text and attached speaker notes
BE-efc11ba241c2,1-12,"Gorilla, resource limits, distraction and top-down hiring",already-covered,chapters/03-limited-attention.qmd#fig-attention-bottleneck; chapters/03-limited-attention.qmd#fig-laptop-distraction; chapters/03-limited-attention.qmd#designed-attention,Existing examples and information-rate caution retained.,full ordered slide text and attached speaker notes
BE-efc11ba241c2,13,Head-up displays,added,chapters/03-limited-attention.qmd#head-up-displays-and-attentional-tunneling,NASA flight simulator contrasts routine tracking benefit with missed unexpected obstruction.,full ordered slide text and attached speaker notes
BE-efc11ba241c2,14-20,"Radiologists, change blindness and attention design",already-covered,chapters/03-limited-attention.qmd#attention-architecture-the-organization-chooses-what-can-be-seen; chapters/03-limited-attention.qmd#tbl-05-1,Existing radiology and visual-change demonstrations support the design lesson.,full ordered slide text and attached speaker notes
BE-efc11ba241c2,21-28,Awareness and interacting fast/slow modes,already-covered,chapters/08-intuition-and-deliberation.qmd#fast-thinking-is-not-primitive-thinking; chapters/08-intuition-and-deliberation.qmd#monitoring-and-guiding-thought; chapters/08-intuition-and-deliberation.qmd#learning-to-recognize-and-explain,Avoids equating fast with wrong or mapping modes to isolated brain regions.,full ordered slide text and attached speaker notes
BE-efc11ba241c2,29-32,"Derren Brown, references and coherence",already-covered,chapters/03-limited-attention.qmd#designed-attention; chapters/07-rationalization.qmd#reasons-are-not-the-same-as-causes,Performance video treated as attention demonstration rather than experimental proof.,full ordered slide text and attached speaker notes
BE-35899629cc41,1-9,"Heuristics, substitution, affect, panda and incidental moods",already-covered,chapters/08-intuition-and-deliberation.qmd#fig-heuristic-substitution; chapters/09-availability-affect-and-representativeness.qmd#fig-affect-panda-sea-star; chapters/06-valuation.qmd#reappraisal-and-emotional-learning,Existing cue/probability and emotion discussions retained; market examples forwarded to market owner.,full ordered slide text and attached speaker notes
BE-35899629cc41,10-12,Availability and word retrieval,added,chapters/09-availability-affect-and-representativeness.qmd#retrieval-and-nested-word-categories,Concrete seven-letter nested-category comparison makes the set relation inspectable.,full ordered slide text and attached speaker notes
BE-35899629cc41,13-19,Confirmation and Forer descriptions,strengthened,chapters/10-confirmation-bias-and-motivated-reasoning.qmd#expectations-and-confirmation,Added diagnostic profile example and test of who a description excludes.,full ordered slide text and attached speaker notes
BE-35899629cc41,20-23,Overconfidence and planning,omitted-with-reason,,Forwarded to Chapter 15 owner; no repetition in foundations.,full ordered slide text and attached speaker notes
BE-35899629cc41,24-31,Anchors and halos,already-covered,chapters/11-anchors-halos-and-decoys.qmd#the-first-number-enters-first; chapters/11-anchors-halos-and-decoys.qmd#three-forms-of-contextual-comparison,Existing mechanisms and redesigns cover these slides.,full ordered slide text and attached speaker notes
BE-35899629cc41,32,Price primacy and calorie ordering,strengthened,chapters/11-anchors-halos-and-decoys.qmd#price-before-product,Added Karmarkar price-first design; calorie label order forwarded to choice-architecture owner.,full ordered slide text and attached speaker notes
BE-35899629cc41,33-38,"Framing, disease, egg question and memory wording",already-covered,chapters/12-framing.qmd#tbl-disease-framing; chapters/12-framing.qmd#fig-assumed-choice-eggs; chapters/12-framing.qmd#fig-wording-memory-study-redraw,Existing figures and probability comparison cover the examples.,full ordered slide text and attached speaker notes
BE-35899629cc41,39-41,Priming and mood-dependent memory,already-covered,chapters/13-priming-fluency-and-familiarity.qmd#context-dependent-memory; chapters/13-priming-fluency-and-familiarity.qmd#mood-memory-and-judgment,Existing evidence and accessibility-versus-choice distinctions retained.,full ordered slide text and attached speaker notes
BE-35899629cc41,42,Mindfulness and tempting food cues,omitted-with-reason,,Forwarded Papies to Chapter 40 owner; no unsupported general effect added here.,full ordered slide text and attached speaker notes
BE-35899629cc41,43-46,"Mere exposure, Mars, Focus and summary",strengthened,chapters/13-priming-fluency-and-familiarity.qmd#environmental-cues-and-product-accessibility; chapters/13-priming-fluency-and-familiarity.qmd#repetition-and-perceived-truth; chapters/03-limited-attention.qmd#designed-attention,Added experimental accessibility counterpart; existing repetition and attention sections cover remainder.,full ordered slide text and attached speaker notes
BE-35899629cc41,47-58,"CRT, references, Stroop and redesign",strengthened,chapters/08-intuition-and-deliberation.qmd#reflection-production-and-growth; chapters/08-intuition-and-deliberation.qmd#fig-stroop-interference-lab; chapters/08-intuition-and-deliberation.qmd#monitoring-and-guiding-thought,"Added machine and lily solutions, including familiarity/measurement caveat; administration and citations not separate content.",full ordered slide text and attached speaker notes
BE-35899629cc41,59-62,"Disease framing, planning mini-case and evidence audit",already-covered,chapters/12-framing.qmd#tbl-disease-framing; chapters/01-understanding-decision-making.qmd#outcome-is-not-process; chapters/02-structuring-a-decision.qmd#stress-test-the-recommendation,Planning extension is outside range; foundations already require explicit assumptions and outcome/process separation.,full ordered slide text and attached speaker notes
DPN-facb00ac29d4,1-13,"Decision audit, hidden processes, prediction/value and opportunity cost",already-covered,chapters/01-understanding-decision-making.qmd#a-functional-decision-loop; chapters/02-structuring-a-decision.qmd#name-the-opportunity-cost; chapters/07-rationalization.qmd#record-before-review-after,Existing sustained decision audit covers the learning objective.,full ordered slide text and attached speaker notes
DPN-facb00ac29d4,14-18,Rationality benchmark and visual introduction,already-covered,chapters/01-understanding-decision-making.qmd#a-rational-benchmark,No need to reproduce decorative/transition images.,full ordered slide text and attached speaker notes
DPN-facb00ac29d4,19-28,"Context cases, defaults, bounded rationality and satisficing",strengthened,chapters/01-understanding-decision-making.qmd#seven-ways-context-enters-choice; chapters/02-structuring-a-decision.qmd#use-proportionate-analysis; chapters/13-priming-fluency-and-familiarity.qmd#environmental-cues-and-product-accessibility,"Existing cases retained, Mars supplemented with experiment; eyes contribution passed to social owner.",full ordered slide text and attached speaker notes
DPN-facb00ac29d4,29-36,"Valuation, purchase prediction, systems, own name and implicit egotism",strengthened,chapters/06-valuation.qmd#neural-predictors-of-purchases; chapters/06-valuation.qmd#name-letters-and-self-association; chapters/03-limited-attention.qmd#own-name-and-newly-relevant-cues,Added concrete methods and narrower inference boundaries.,full ordered slide text and attached speaker notes
DPN-facb00ac29d4,37-42,"Social value, emotion, EVR and sexual cues/patience",already-covered,chapters/06-valuation.qmd#other-people-enter-the-value-calculation; chapters/06-valuation.qmd#interoception-and-allostasis; chapters/06-valuation.qmd#context-can-change-the-price-of-waiting,Existing chapter distinguishes state-dependent value from unitary impatience.,full ordered slide text and attached speaker notes
DPN-facb00ac29d4,43-49,"Poker, outcome bias, choice blindness and narrator",strengthened,chapters/01-understanding-decision-making.qmd#outcome-is-not-process; chapters/07-rationalization.qmd#choice-blindness-and-the-confidence-of-explanation; chapters/07-rationalization.qmd#the-interpreter-and-confabulation,Concrete split-brain example strengthens the established narrator account.,full ordered slide text and attached speaker notes
DPN-facb00ac29d4,50-63,"Decision-audit case, prediction versus valuation, missing counterfactuals and templates",already-covered,chapters/02-structuring-a-decision.qmd#make-predictions-inspectable; chapters/02-structuring-a-decision.qmd#make-values-and-trade-offs-inspectable; chapters/02-structuring-a-decision.qmd#produce-a-decision-recommendation-not-merely-a-score; chapters/07-rationalization.qmd#record-before-review-after,"Book practice labs cover prediction, values, action and outcome records; avoids duplicate university-major scenario.",full ordered slide text and attached speaker notes
DPN-facb00ac29d4,64-70,"Hume, distributed networks, motive, identity, job choice and neural cautions",already-covered,chapters/06-valuation.qmd#how-value-works-is-not-why-a-value-system-exists; chapters/06-valuation.qmd#research-lens-value-is-distributed-not-a-single-center; chapters/01-understanding-decision-making.qmd#the-same-museum-a-different-active-motive,Existing functional interpretation retained; additional neural papers unnecessary for this level.,full ordered slide text and attached speaker notes
DPN-facb00ac29d4,71-79,"Neural prediction/persuasion, journals, narrator, default, liking/wanting and incidental affect",already-covered,chapters/06-valuation.qmd#research-lens-value-is-distributed-not-a-single-center; chapters/07-rationalization.qmd#record-before-review-after; chapters/06-valuation.qmd#tbl-value-is-not-one-thing,Persuasion and wanting deeper material belongs to later owners; foundations distinguish prediction from intervention.,full ordered slide text and attached speaker notes
DPN-facb00ac29d4,80-82,Evaluative priming and limits,strengthened,chapters/06-valuation.qmd#incidental-value-and-incentive-effort; chapters/13-priming-fluency-and-familiarity.qmd#evidence-boundary-concealed-cues-are-not-mind-control,Added incidental valuation and masked incentive contrast; preserves awareness and task-goal boundaries.,full ordered slide text and attached speaker notes
DPN-facb00ac29d4,83-84,Capgras and prosopagnosia,omitted-with-reason,chapters/07-rationalization.qmd#the-interpreter-and-confabulation; chapters/06-valuation.qmd#interoception-and-allostasis,Clinical dissociations are heterogeneous and add little beyond developed lesion and interpreter cases; avoid simplistic double-dissociation story.,full ordered slide text and attached speaker notes
DPN-7974230bc90e,1-13,"Gorilla, evolution, information limits, distractions and goal-directed attention",already-covered,chapters/03-limited-attention.qmd#fig-attention-bottleneck; chapters/03-limited-attention.qmd#fig-laptop-distraction; chapters/03-limited-attention.qmd#available-information-is-not-complete-information,Existing demonstrations and information-rate caution retained.,full ordered slide text and attached speaker notes
DPN-7974230bc90e,14,Head-up displays,added,chapters/03-limited-attention.qmd#head-up-displays-and-attentional-tunneling,Tracking accuracy and unexpected hazard detection can diverge.,full ordered slide text and attached speaker notes
DPN-7974230bc90e,15-20,"Radiology, change blindness, advertising and Focus",already-covered,chapters/03-limited-attention.qmd#attention-architecture-the-organization-chooses-what-can-be-seen; chapters/03-limited-attention.qmd#designed-attention,Existing coverage sufficient; performance footage not evidence of subliminal control.,full ordered slide text and attached speaker notes
DPN-7974230bc90e,21-26,"Predictive processing, precision and Dalmatian",already-covered,chapters/04-predictive-mind.qmd#patches-become-a-scene; chapters/04-predictive-mind.qmd#fig-predictive-processing-decision,Existing model explains inference without treating every top-down effect as proof of a single theory.,full ordered slide text and attached speaker notes
DPN-7974230bc90e,27-34,"Face configuration, hollow face, illumination, checker and Shirl",strengthened,chapters/04-predictive-mind.qmd#face-orientation-and-emotional-context; chapters/04-predictive-mind.qmd#hollow-face-illusion; chapters/04-predictive-mind.qmd#color-and-illumination-context; chapters/04-predictive-mind.qmd#research-lens-restored-sight-as-a-bounded-calibration-case,Thatcher added; embedded image review confirmed distinctions among visual examples.,full ordered slide text and attached speaker notes
DPN-7974230bc90e,35,Synaptic learning and speech,added,chapters/04-predictive-mind.qmd#learning-which-speech-distinctions-matter,Concrete infant-language comparison.,full ordered slide text and attached speaker notes
DPN-7974230bc90e,36-42,"Model calibration, context, duck/rabbit and fear/ambiguous figures",strengthened,chapters/04-predictive-mind.qmd#face-orientation-and-emotional-context; chapters/04-predictive-mind.qmd#ambiguous-animals-and-seasonal-context; chapters/04-predictive-mind.qmd#fig-predictive-processing-decision,Added fear-music study with report/perception distinction.,full ordered slide text and attached speaker notes
DPN-7974230bc90e,43-47,"Expectancy, placebo/nocebo and physiological mindsets",strengthened,chapters/05-expectations.qmd#mindset-physiology-and-measured-outcomes; chapters/05-expectations.qmd#tbl-08-expectation-pathways,"Developed labels, ghrelin and measured-health comparison with contrasting evidence.",full ordered slide text and attached speaker notes
DPN-7974230bc90e,48-49,Stereotypes and culture/gender,omitted-with-reason,,Forwarded to identity owner.,full ordered slide text and attached speaker notes
DPN-7974230bc90e,50-51,Stress and expectation mechanisms,added,chapters/05-expectations.qmd#reappraising-stress-arousal; chapters/05-expectations.qmd#tbl-08-expectation-pathways,Randomized reappraisal test and existing mechanism table.,full ordered slide text and attached speaker notes
DPN-7974230bc90e,52,Astrology/mortality,omitted-with-reason,,Root appendix handles inferential caution; not imported as causal science.,full ordered slide text and attached speaker notes
DPN-7974230bc90e,53-58,"Aging, interpersonal expectations and Pygmalion",strengthened,chapters/05-expectations.qmd#expectations-about-aging; chapters/05-expectations.qmd#tbl-08-1,Observational aging described as association; established interpersonal mechanisms retained.,full ordered slide text and attached speaker notes
DPN-7974230bc90e,59-63,"Decision loop, beer/wine timing, evidence limits and audits",strengthened,chapters/05-expectations.qmd#beer-before-and-after-disclosure; chapters/06-valuation.qmd#price-can-be-both-an-outcome-and-an-input; chapters/05-expectations.qmd#build-the-forecast-before-telling-its-story,Beer timing separates tasting expectations from later information and choice reporting.,full ordered slide text and attached speaker notes
DPN-7974230bc90e,64-73,"Active inference, dress, Umwelt, attention architecture and recap",already-covered,chapters/04-predictive-mind.qmd#research-lens-from-predictive-processing-to-active-inference; chapters/04-predictive-mind.qmd#color-and-illumination-context; chapters/03-limited-attention.qmd#available-information-is-not-complete-information; chapters/03-limited-attention.qmd#attention-architecture-the-organization-chooses-what-can-be-seen,Existing optional depth and sensory-window figures cover main mechanisms; dress image inspected without adding redundant illusion.,full ordered slide text and attached speaker notes
DPN-7974230bc90e,74-82,"Clinical appendices: FND, autism, balance and restored sight",omitted-with-reason,chapters/04-predictive-mind.qmd#research-lens-restored-sight-as-a-bounded-calibration-case; chapters/04-predictive-mind.qmd#learning-a-sound-that-is-not-there,Retained restored sight and added experimentally testable conditioning; omitted extra clinical cases whose mechanisms cannot be established from case histories or heterogeneous group results.,full ordered slide text and attached speaker notes
DPN-7974230bc90e,83,Conditioned hallucinations,added,chapters/04-predictive-mind.qmd#learning-a-sound-that-is-not-there,Voice-hearing versus clinical need separated; fitted priors described as model interpretation.,full ordered slide text and attached speaker notes
DPN-7974230bc90e,84,Autism and priors,omitted-with-reason,,No general absence-of-priors claim. Additional clinical taxonomy would interrupt core argument; mixed task-specific evidence acknowledged in audit.,full ordered slide text and attached speaker notes
DPN-7974230bc90e,85-91,"Calibration, active inference, meetings, presentation anxiety, evaluation and self-changing forecasts",strengthened,chapters/04-predictive-mind.qmd#fig-predictive-processing-decision; chapters/03-limited-attention.qmd#attention-architecture-the-organization-chooses-what-can-be-seen; chapters/05-expectations.qmd#reappraising-stress-arousal; chapters/05-expectations.qmd#diagnose-the-direction-of-the-loop; chapters/05-expectations.qmd#build-the-forecast-before-telling-its-story,Concrete stress case added; existing practice labs already implement the audit.,full ordered slide text and attached speaker notes
DPN-5654e1e51f40,1-14,"Performance video, awareness, interacting systems and practice",already-covered,chapters/03-limited-attention.qmd#designed-attention; chapters/08-intuition-and-deliberation.qmd#fast-thinking-is-not-primitive-thinking; chapters/08-intuition-and-deliberation.qmd#monitoring-and-guiding-thought,Retains distinction between demonstration and experiment; book uses skill-learning cases.,full ordered slide text and attached speaker notes
DPN-5654e1e51f40,15-22,"Heuristics, substitution, affect, panda and availability",already-covered,chapters/08-intuition-and-deliberation.qmd#fig-heuristic-substitution; chapters/09-availability-affect-and-representativeness.qmd#fig-affect-panda-sea-star; chapters/09-availability-affect-and-representativeness.qmd#one-risk-three-shortcuts,Existing concrete examples develop different shortcuts rather than listing labels.,full ordered slide text and attached speaker notes
DPN-5654e1e51f40,23,Nested word categories,added,chapters/09-availability-affect-and-representativeness.qmd#retrieval-and-nested-word-categories,Reader can inspect the inclusion relation without knowing language frequencies.,full ordered slide text and attached speaker notes
DPN-5654e1e51f40,24-26,Representativeness and facial political judgments,already-covered,chapters/09-availability-affect-and-representativeness.qmd#when-category-fit-substitutes-for-probability-resemblance,Existing candidate-face example distinguishes predictive association from competence and causal influence.,full ordered slide text and attached speaker notes
DPN-5654e1e51f40,27-33,"Confirmation, Forer and first impressions",strengthened,chapters/10-confirmation-bias-and-motivated-reasoning.qmd#expectations-and-confirmation,Added concrete vague profile and falsifiable testing prompt.,full ordered slide text and attached speaker notes
DPN-5654e1e51f40,34-38,Overconfidence and planning,omitted-with-reason,,Chapter 15 owner's scope.,full ordered slide text and attached speaker notes
DPN-5654e1e51f40,39-46,Anchoring and halos,already-covered,chapters/11-anchors-halos-and-decoys.qmd#the-first-number-enters-first; chapters/11-anchors-halos-and-decoys.qmd#three-forms-of-contextual-comparison,Existing substantive examples and process corrections cover topic.,full ordered slide text and attached speaker notes
DPN-5654e1e51f40,47,Price first and calorie order,strengthened,chapters/11-anchors-halos-and-decoys.qmd#price-before-product,Price sequence study added; calorie sequence forwarded to choice-architecture owner.,full ordered slide text and attached speaker notes
DPN-5654e1e51f40,48-55,"Framing, disease, windows, eggs and memory wording",already-covered,chapters/12-framing.qmd#fig-framing-three-windows; chapters/12-framing.qmd#tbl-disease-framing; chapters/12-framing.qmd#fig-assumed-choice-eggs; chapters/12-framing.qmd#fig-wording-memory-study-redraw,Preserved accepted figure changes and developed comparisons.,full ordered slide text and attached speaker notes
DPN-5654e1e51f40,56-58,Priming and mood/memory,already-covered,chapters/13-priming-fluency-and-familiarity.qmd#context-dependent-memory; chapters/13-priming-fluency-and-familiarity.qmd#mood-memory-and-judgment,Existing mechanism boundaries sufficient.,full ordered slide text and attached speaker notes
DPN-5654e1e51f40,59,Mindfulness and appetitive cues,omitted-with-reason,,Papies forwarded to choice-architecture owner.,full ordered slide text and attached speaker notes
DPN-5654e1e51f40,60-63,"Familiarity, Mars, Focus and summary",strengthened,chapters/13-priming-fluency-and-familiarity.qmd#environmental-cues-and-product-accessibility; chapters/13-priming-fluency-and-familiarity.qmd#repetition-and-perceived-truth; chapters/03-limited-attention.qmd#designed-attention,Added dog/Puma experimental counterpart to anecdote.,full ordered slide text and attached speaker notes
DPN-5654e1e51f40,64-70,"CRT, Stroop and process redesign",strengthened,chapters/08-intuition-and-deliberation.qmd#reflection-production-and-growth; chapters/08-intuition-and-deliberation.qmd#fig-stroop-interference-lab; chapters/08-intuition-and-deliberation.qmd#monitoring-and-guiding-thought,Added two complete CRT explanations and measurement qualification.,full ordered slide text and attached speaker notes
DPN-5654e1e51f40,71-80,"References, heuristic detector, emotion/risk and substitutions",already-covered,chapters/09-availability-affect-and-representativeness.qmd#one-risk-three-shortcuts; chapters/09-availability-affect-and-representativeness.qmd#from-an-impression-to-a-distribution; chapters/06-valuation.qmd#reappraisal-and-emotional-learning,Existing chapter labs ask which cue answered which question; references provide leads rather than separate book content.,full ordered slide text and attached speaker notes
