id,relative_path,units,sha256,review_depth
BE-410cd2c56424,BE2026/BE01. Intro to Behavioral Economics.pptx,36,fa164dce4065ebe20a37c7081f136da59483842ab229148c888a42b1265f740f,full ordered text and speaker notes
BE-86ca63fe16a9,BE2026/BE02. Decision-Making Process.pptx,51,05d5769a2498e3468ea2808a8af014dae615fc348656421475b4d1948cbf7d00,full ordered text and speaker notes
BE-ef2fbeadef37,BE2026/BE03. Prediction and Expectation.pptx,52,8d16a3768a409220ab7ff78b913d241663b4a9c4386d654795a331a0ce1b597e,full ordered text and speaker notes
BE-efc11ba241c2,BE2026/BE04. Two Systems of Thinking.pptx,32,01c12cce2a99da4b0cf7ab0d5f6928f75c1bb1ba29c8a722d2e8539ef128f03b,full ordered text and speaker notes
BE-35899629cc41,BE2026/BE05. Heuristics & Biases.pptx,62,33c50f421c468e6eac0bdc68516b5bccabb6f6fcb977b38df72c0b1ffb0f32a8,full ordered text and speaker notes
DPN-facb00ac29d4,DPN01. Decision Process.pptx,84,f1e4c0ccad548bb4ad7fdd102e4d45cc926eaee90544fc127d103a8681a89fdb,full ordered text and speaker notes
DPN-7974230bc90e,DPN02. Attention_Prediction_Expectation.pptx,91,bfc7e0c4b9e762b3cee7a1094f71fa3d2a9b34ad21b19628cd44719026546289,full ordered text and speaker notes
DPN-5654e1e51f40,DPN03. Heuristics & Biases.pptx,80,f5710eba4064218ce1e488eeb9fe450ffb9d7b2d9c2e3197e69d467676daeafd,full ordered text and speaker notes
BE-dce54d9f9647,Archives/01 - Foundations and Neuroscience/01. Introduction to Behavioral Economics.pptx,56,089e4ccc7d7b80239298b67f526f1729d71f70fd3419f4bea5c02089de5fcfea,ordered topic inventory with selected full text/notes follow-up
BE-766380598386,Archives/01 - Foundations and Neuroscience/02. Anatomy of Decision-Making.pptx,111,2c9f14c4b3e6f422c281e5e427f9345f2ada2962be1760850d946a0098166e71,ordered topic inventory with selected full text/notes follow-up
BE-73ce85d866e1,Archives/01 - Foundations and Neuroscience/Neuroeconomics.pptx,83,fdcbf87f0cc2e10a2c5d555319c01bdc57ae3a568bb9e5b984df7b9299de9256,ordered topic inventory with selected full text/notes follow-up
BE-42d4a2a8b1fd,"Archives/02 - Attention, Heuristics and Biases/02. Limited attention.pptx",18,18eb073abbfb67e8f88cdb700575357f66776e4b7c24b70a80062cdc224f94f9,ordered topic inventory with selected full text/notes follow-up
BE-695e2779e549,"Archives/02 - Attention, Heuristics and Biases/03. Two systems of thinking.pptx",74,80ed51f81db2606819e97518829f33392b2222ae2ab50229207ea916095f6e1e,ordered topic inventory with selected full text/notes follow-up
BE-d775c28856cd,"Archives/02 - Attention, Heuristics and Biases/04. Heuristics.pptx",106,ba8dd61c695ce8078ae3a70b8bf0d5ebc024aed61b92c6d9ba6ede76fb720c08,ordered topic inventory with selected full text/notes follow-up
BE-9dad90fcb647,"Archives/02 - Attention, Heuristics and Biases/05. Biases.pptx",126,09d3b400cb866ab3b521b0a06fce5db225c3d6f559bb4ac951436068d9df1835,ordered topic inventory with selected full text/notes follow-up
BE-4a225c0cc858,"Archives/02 - Attention, Heuristics and Biases/07. Cognitive Ease.pptx",87,6f21154d27b3b5df17d70de313d26fde492df2fe7b9e8c60f635b126f6b4a005,ordered topic inventory with selected full text/notes follow-up
BE-f1681af92a19,"Archives/03 - Context, Habits and Choice Architecture/06&07. Contextual Influence.pptx",124,e2e75194dede9d5f240f352e09a5679919676c19eedb28df3175c36c422efe9d,ordered topic inventory with selected full text/notes follow-up
BE-0062e63eaf85,"Archives/03 - Context, Habits and Choice Architecture/06. Framing & Priming.pptx",106,1275594c5f2e69eb36e4f59fd2e2d49bad431f307c4b8a1ed77ffb83460e765d,ordered topic inventory with selected full text/notes follow-up
BE-311f0c521fbf,Archives/01 - Foundations and Neuroscience/You_Do_Not_See_the_World_Directly_Presentation  -  Repaired.pptx,15,b3bcc4e117aac6273f74426eeabe52111fe1f60ec786a3f83f78cd2a89ddc8f7,ordered topic inventory with selected full text/notes follow-up
DPN-a84931142ccf,A1. Probability Judgment.pptx,45,a1788c9f41a92ddf6add07b9db2ade8b047ec2c25a9071a2a06f8c0e4a066d68,ordered topic inventory with selected full text/notes follow-up
DPN-78e2963a5be4,01. Science of Decision-Making2026.pptx,158,9bf3423a72e67c0d564841949d987bcd4e4d02a3322581a542d5fbf8a9c4078e,ordered topic inventory with selected full text/notes follow-up
DPN-dd4124b5fda9,Decision audit studio/inner_models_balance_revised.pptx,6,57de12430d05c6d36b098fe3e79e8882efb05d82bcd6dcc83bd5730774ef636e,ordered topic inventory with selected full text/notes follow-up
DPN-069184ea51a6,additional topics/expectation_effect_lecture_slides  -  Repaired.pptx,14,d4dbaac2b348964386321715d646436cc0b0e6fc3e23e79484d5abfcb2a93594,ordered topic inventory with selected full text/notes follow-up
BE-b91c0d2d3400,DPN2026/DPN01. Decision Process.pptx,84,ae843dfba430bef03b74dc4a563ca2b094a0ffa49c39439972e11134a3c5c7ef,slide text/notes equality comparison against DPN current copy; differing slides inspected
BE-c8b486b6e09b,DPN2026/DPN02. Attention_Prediction_Expectation.pptx,91,ced43b8d76b12c814337fee4f6615507eba7ac8a840986277f22397237445cb1,slide text/notes equality comparison against DPN current copy; differing slides inspected
BE-ece22e82c186,DPN2026/DPN03. Heuristics & Biases.pptx,79,13ba5c964e47963294313b680eb635537aa757bf43909123e2d780d707bf2bbb,slide text/notes equality comparison against DPN current copy; differing slides inspected
