Concept,Home,Book file,Section,Body match,Lecture source,Slide/page
Normative decision science,01,chapters/01-how-decisions-should-be-made-and-how-they-actually-are.qmd,Practice Lab,True,BE-Aalborg/BE2026/BE01. Intro to Behavioral Economics.pptx,9
Descriptive decision science,01,chapters/01-how-decisions-should-be-made-and-how-they-actually-are.qmd,Practice Lab,True,BE-Aalborg/BE2026/BE01. Intro to Behavioral Economics.pptx,9
Prescriptive decision science,01,chapters/01-how-decisions-should-be-made-and-how-they-actually-are.qmd,Practice Lab,True,BE-Aalborg/BE2026/BE01. Intro to Behavioral Economics.pptx,9
Rationality,01,chapters/01-how-decisions-should-be-made-and-how-they-actually-are.qmd,Three questions of decision science,True,BE-Aalborg/BE2026/BE01. Intro to Behavioral Economics.pptx,8
Dominance,01,chapters/01-how-decisions-should-be-made-and-how-they-actually-are.qmd,Opening / chapter overview,False,BE-Aalborg/BE2026/BE07&08. Behavioral Game Theory.pptx,2
Description invariance,01,chapters/01-how-decisions-should-be-made-and-how-they-actually-are.qmd,Representation and comparison {#representation-and-comparison},True,BE-Aalborg/Readings/02 - Research Design and Replication/Choosing the Right Research Question in Behavioral Economics.docx,
Process versus outcome,01,chapters/01-how-decisions-should-be-made-and-how-they-actually-are.qmd,"The hiring decision, mapped once",True,BE-Aalborg/BE2026/BE01. Intro to Behavioral Economics.pptx,16
Opportunity cost,02,chapters/02-building-a-better-decision-alternatives-opportunity-cost-information-and-robustness.qmd,Generate alternatives deliberately,True,BE-Aalborg/BE2026/BE02. Decision-Making Process.pptx,12
Alternatives,02,chapters/02-building-a-better-decision-alternatives-opportunity-cost-information-and-robustness.qmd,Make values and trade-offs inspectable,True,BE-Aalborg/BE2026/BE01. Intro to Behavioral Economics.pptx,9
Constraints,02,chapters/02-building-a-better-decision-alternatives-opportunity-cost-information-and-robustness.qmd,Learning goals,True,BE-Aalborg/BE2026/BE01. Intro to Behavioral Economics.pptx,8
Value of information,02,chapters/02-building-a-better-decision-alternatives-opportunity-cost-information-and-robustness.qmd,Gather information only when it can change action,True,BE-Aalborg/01 - Foundations and Neuroscience/Anatomy of Decision 1.docx,
Sensitivity analysis,02,chapters/02-building-a-better-decision-alternatives-opportunity-cost-information-and-robustness.qmd,Stress-test the recommendation,True,BE-Aalborg/BE2026/BE02. Decision-Making Process.pptx,29
Robustness,02,chapters/02-building-a-better-decision-alternatives-opportunity-cost-information-and-robustness.qmd,Learning goals,True,BE-Aalborg/BE2026/BE07&08. Behavioral Game Theory.pptx,34
Bounded rationality,02,chapters/02-building-a-better-decision-alternatives-opportunity-cost-information-and-robustness.qmd,Use proportionate analysis,True,BE-Aalborg/BE2026/BE07. Strategic Interdependence.pptx,55
Selective attention,03,chapters/03-attention-what-becomes-evidence.qmd,Attention architecture: the organization chooses what can be seen,True,BE-Aalborg/BE2026/BE01. Intro to Behavioral Economics.pptx,29
Inattentional blindness,03,chapters/03-attention-what-becomes-evidence.qmd,Learning goals,True,BE-Aalborg/BE2026/BE04. Two Systems of Thinking.pptx,12
Change blindness,03,chapters/03-attention-what-becomes-evidence.qmd,Change blindness,True,BE-Aalborg/BE2026/BE04. Two Systems of Thinking.pptx,3
Top-down attention,03,chapters/03-attention-what-becomes-evidence.qmd,Top-down goals and bottom-up capture,True,BE-Aalborg/BE2026/BE03. Prediction and Expectation.pptx,8
Bottom-up attention,03,chapters/03-attention-what-becomes-evidence.qmd,Top-down goals and bottom-up capture,True,BE-Aalborg/BE2026/BE03. Prediction and Expectation.pptx,8
Divided attention,03,chapters/03-attention-what-becomes-evidence.qmd,Watch and test: directed attention in a story,True,BE-Aalborg/BE2026/BE09. Behavioral Finance.pptx,21
Working memory,03,chapters/03-attention-what-becomes-evidence.qmd,Attention under divided demand,True,BE-Aalborg/BE2026/BE04. Two Systems of Thinking.pptx,9
Task switching,03,chapters/03-attention-what-becomes-evidence.qmd,Attention under divided demand,True,BE-Aalborg/BE2026/BE04. Two Systems of Thinking.pptx,9
Attention economy,03,chapters/03-attention-what-becomes-evidence.qmd,When the environment is designed to keep you looking {#designed-attention},True,,
Default mode network,03,chapters/03-attention-what-becomes-evidence.qmd,Research Lens: attention depends on cooperating networks,True,DPN-Aalborg/DPN01. Decision Process.pptx,69
Central executive network,03,chapters/03-attention-what-becomes-evidence.qmd,Research Lens: attention depends on cooperating networks,True,DPN-Aalborg/DPN03. Heuristics & Biases.pptx,8
Salience network,03,chapters/03-attention-what-becomes-evidence.qmd,Research Lens: attention depends on cooperating networks,True,BE-Aalborg/01 - Foundations and Neuroscience/02. Anatomy of Decision-Making.pptx,38
Perception as inference,04,chapters/04-the-predictive-mind-perception-is-inference.qmd,"Prediction, error, and precision",True,BE-Aalborg/BE2026/BE03. Prediction and Expectation.pptx,3
Predictive processing,04,chapters/04-the-predictive-mind-perception-is-inference.qmd,"Prediction, error, and precision",True,BE-Aalborg/BE2026/BE03. Prediction and Expectation.pptx,3
Prediction error,04,chapters/04-the-predictive-mind-perception-is-inference.qmd,A hollow face that seems to look back {#hollow-face-illusion},True,BE-Aalborg/BE2026/BE03. Prediction and Expectation.pptx,47
Precision weighting,04,chapters/04-the-predictive-mind-perception-is-inference.qmd,Research Lens: from predictive processing to active inference {#research-lens-from-predictive-processing-to-active-inference-title},True,BE-Aalborg/BE2026/BE03. Prediction and Expectation.pptx,2
Prior expectations,04,chapters/04-the-predictive-mind-perception-is-inference.qmd,Learning goals,True,BE-Aalborg/BE2026/BE02. Decision-Making Process.pptx,10
Active inference,04,chapters/04-the-predictive-mind-perception-is-inference.qmd,"Prediction, error, and precision",True,BE-Aalborg/BE2026/BE03. Prediction and Expectation.pptx,9
Ambiguous perception,04,chapters/04-the-predictive-mind-perception-is-inference.qmd,Research Lens: an analogy with generative AI,True,BE-Aalborg/BE2026/BE02. Decision-Making Process.pptx,49
Generative AI,04,chapters/04-the-predictive-mind-perception-is-inference.qmd,Calibration test,True,DPN-Aalborg/00. ARTS_model_of_influence_predictive_processing_4h_lecture_deck  -  Repaired.pptx,85
Forecast construction,05,chapters/05-expectations-when-predictions-become-causes.qmd,Build the forecast before telling its story,True,BE-Aalborg/BE2026/BE02. Decision-Making Process.pptx,9
Self-fulfilling prophecy,05,chapters/05-expectations-when-predictions-become-causes.qmd,Diagnose the direction of the loop,True,BE-Aalborg/BE2026/BE03. Prediction and Expectation.pptx,24
Self-defeating prediction,05,chapters/05-expectations-when-predictions-become-causes.qmd,Diagnose the direction of the loop,True,DPN-Aalborg/DPN02. Attention_Prediction_Expectation.pptx,89
Placebo,05,chapters/05-expectations-when-predictions-become-causes.qmd,Expectation in the body,True,BE-Aalborg/BE2026/BE02. Decision-Making Process.pptx,27
Nocebo,05,chapters/05-expectations-when-predictions-become-causes.qmd,Expectation in the body,True,BE-Aalborg/BE2026/BE03. Prediction and Expectation.pptx,26
Pygmalion effect,05,chapters/05-expectations-when-predictions-become-causes.qmd,Research note: learning that an action can help,True,BE-Aalborg/BE2026/BE03. Prediction and Expectation.pptx,32
Growth mindset,05,chapters/05-expectations-when-predictions-become-causes.qmd,Ability beliefs and performance,True,BE-Aalborg/BE2026/BE03. Prediction and Expectation.pptx,27
Learned helplessness,05,chapters/05-expectations-when-predictions-become-causes.qmd,Research note: learning that an action can help,True,BE-Aalborg/BE2026/BE03. Prediction and Expectation.pptx,27
Stereotype threat,05,chapters/05-expectations-when-predictions-become-causes.qmd,Research Lens: identity changes what difficulty means,True,BE-Aalborg/08 - Research Methods/17. Conduct Research in Behavioral Economics.pptx,63
Valuation,06,chapters/06-valuation-how-options-become-worth-choosing.qmd,"Automatic evaluation is a first pass, not the decision",True,BE-Aalborg/BE2026/BE01. Intro to Behavioral Economics.pptx,25
Automatic evaluation,06,chapters/06-valuation-how-options-become-worth-choosing.qmd,"Automatic evaluation is a first pass, not the decision",True,DPN-Aalborg/DPN01. Decision Process.pptx,80
Common currency,06,chapters/06-valuation-how-options-become-worth-choosing.qmd,"Research Lens: value is distributed, not a single center",True,BE-Aalborg/01 - Foundations and Neuroscience/Anatomy of Decision 1.docx,
Somatic marker,06,chapters/06-valuation-how-options-become-worth-choosing.qmd,Emotion tells the mind what matters,True,BE-Aalborg/BE02. Decision Making Process.pdf,39
Iowa Gambling Task,06,chapters/06-valuation-how-options-become-worth-choosing.qmd,Emotion tells the mind what matters,True,BE-Aalborg/BE02. Decision Making Process.pdf,39
Interoception,06,chapters/06-valuation-how-options-become-worth-choosing.qmd,Emotion tells the mind what matters,True,BE-Aalborg/01 - Foundations and Neuroscience/02. Anatomy of Decision-Making.pptx,85
Allostasis,06,chapters/06-valuation-how-options-become-worth-choosing.qmd,Research Lens: interoception and the body's changing needs,True,BE-Aalborg/01 - Foundations and Neuroscience/Anatomy of Decision 1.docx,
Hot-cold empathy gap,06,chapters/06-valuation-how-options-become-worth-choosing.qmd,Research note: are needs a hierarchy? {#research-note-are-needs-a-hierarchy-title},True,"BE-Aalborg/06 - Time, Money and Finance/16. Intertemporal Decision-Making.pptx",76
Visceral influences,06,chapters/06-valuation-how-options-become-worth-choosing.qmd,Research Lens: interoception and the body's changing needs,True,BE-Aalborg/Readings/Instructor Notes/Replication Crisis References.docx,
Self-related value,06,chapters/06-valuation-how-options-become-worth-choosing.qmd,"Research Lens: value is distributed, not a single center",True,BE-Aalborg/BE2026/BE01. Intro to Behavioral Economics.pptx,9
Social value,06,chapters/06-valuation-how-options-become-worth-choosing.qmd,Practice Lab,True,BE-Aalborg/BE2026/BE01. Intro to Behavioral Economics.pptx,17
Limits of introspection,07,chapters/07-the-narrator-after-choice-why-reasons-are-not-always-causes.qmd,Reasons are not the same as causes,True,BE-Aalborg/BE2026/BE02. Decision-Making Process.pptx,35
Choice blindness,07,chapters/07-the-narrator-after-choice-why-reasons-are-not-always-causes.qmd,Opening / chapter overview,True,BE-Aalborg/BE2026/BE02. Decision-Making Process.pptx,35
Confabulation,07,chapters/07-the-narrator-after-choice-why-reasons-are-not-always-causes.qmd,Choice blindness and the confidence of explanation,True,"BE-Aalborg/02 - Attention, Heuristics and Biases/03. Two systems of thinking.pptx",32
Cognitive dissonance,07,chapters/07-the-narrator-after-choice-why-reasons-are-not-always-causes.qmd,The interpreter and confabulation,True,"BE-Aalborg/Readings/01 - AI, Prediction and Complexity/__From Perception to Choice_ Understanding the Dimensions of Decision Making__.docx",
Self-perception,07,chapters/07-the-narrator-after-choice-why-reasons-are-not-always-causes.qmd,When behavior becomes evidence about the self,True,BE-Aalborg/BE2026/BE03. Prediction and Expectation.pptx,51
Post-choice rationalization,07,chapters/07-the-narrator-after-choice-why-reasons-are-not-always-causes.qmd,The rationalization detector,True,BE-Aalborg/BE2026/BE02. Decision-Making Process.pptx,2
Hindsight bias,07,chapters/07-the-narrator-after-choice-why-reasons-are-not-always-causes.qmd,The rationalization detector,True,BE-Aalborg/BE2026/BE02. Decision-Making Process.pptx,2
Outcome bias,07,chapters/07-the-narrator-after-choice-why-reasons-are-not-always-causes.qmd,The rationalization detector,True,BE-Aalborg/BE2026/BE02. Decision-Making Process.pptx,2
Organizational sensemaking,07,chapters/07-the-narrator-after-choice-why-reasons-are-not-always-causes.qmd,Organizations have narrators too,True,DPN-Aalborg/additional topics/2026/DPN Comprehensive Synthesis Deck.pptx,3
Dual-process theories,08,chapters/08-fast-and-frugal-thinking.qmd,Fast thinking is not primitive thinking,True,BE-Aalborg/BE2026/BE04. Two Systems of Thinking.pptx,22
Intuition,08,chapters/08-fast-and-frugal-thinking.qmd,Practice Lab,True,BE-Aalborg/BE2026/BE04. Two Systems of Thinking.pptx,32
Deliberation,08,chapters/08-fast-and-frugal-thinking.qmd,Core Idea,True,BE-Aalborg/BE2026/BE01. Intro to Behavioral Economics.pptx,24
System 1,08,chapters/08-fast-and-frugal-thinking.qmd,Fast thinking is not primitive thinking,True,BE-Aalborg/BE2026/BE04. Two Systems of Thinking.pptx,3
System 2,08,chapters/08-fast-and-frugal-thinking.qmd,Fast thinking is not primitive thinking,True,BE-Aalborg/BE2026/BE04. Two Systems of Thinking.pptx,3
Attribute substitution,08,chapters/08-fast-and-frugal-thinking.qmd,From a quick answer to a heuristic,True,"BE-Aalborg/02 - Attention, Heuristics and Biases/04. Heuristics.pptx",10
Recognition heuristic,08,chapters/08-fast-and-frugal-thinking.qmd,"Research Lens: an adaptive toolbox, not one shortcut",True,,
Take-the-best,08,chapters/08-fast-and-frugal-thinking.qmd,"Research Lens: an adaptive toolbox, not one shortcut",True,,
Satisficing,08,chapters/08-fast-and-frugal-thinking.qmd,Fast thinking is not primitive thinking,True,DPN-Aalborg/DPN01. Decision Process.pptx,28
Ecological rationality,08,chapters/08-fast-and-frugal-thinking.qmd,From a quick answer to a heuristic,True,DPN-Aalborg/additional topics/2026/DPN Comprehensive Synthesis Deck.pptx,8
Recognition-primed decision making,08,chapters/08-fast-and-frugal-thinking.qmd,Fast thinking is not primitive thinking,True,,
Availability heuristic,09,chapters/09-what-feels-likely-availability-affect-and-resemblance.qmd,"One risk, three shortcuts",True,BE-Aalborg/BE2026/BE05. Heuristics & Biases.pptx,2
Affect heuristic,09,chapters/09-what-feels-likely-availability-affect-and-resemblance.qmd,When value substitutes for evidence: affect answers first,True,BE-Aalborg/BE2026/BE05. Heuristics & Biases.pptx,7
Representativeness,09,chapters/09-what-feels-likely-availability-affect-and-resemblance.qmd,When category fit substitutes for probability: resemblance,True,DPN-Aalborg/DPN03. Heuristics & Biases.pptx,3
Dilution effect,09,chapters/09-what-feels-likely-availability-affect-and-resemblance.qmd,When irrelevant detail dilutes useful evidence {#dilution-effect},True,"BE-Aalborg/04 - Risk, Probability and Prospect Theory/08. Probability Judgment.pptx",14
Integral affect,09,chapters/09-what-feels-likely-availability-affect-and-resemblance.qmd,Opening / chapter overview,False,DPN-Aalborg/DPN01. Decision Process.pptx,79
Incidental affect,09,chapters/09-what-feels-likely-availability-affect-and-resemblance.qmd,When value substitutes for evidence: affect answers first,True,BE-Aalborg/BE2026/BE02. Decision-Making Process.pptx,37
Misattribution of arousal,09,chapters/09-what-feels-likely-availability-affect-and-resemblance.qmd,Opening / chapter overview,False,BE-Aalborg/BE2026/BE03. Prediction and Expectation.pptx,49
Affect and risk perception,09,chapters/09-what-feels-likely-availability-affect-and-resemblance.qmd,When correlated cues look like independent evidence,True,BE-Aalborg/BE2026/BE01. Intro to Behavioral Economics.pptx,2
Confirmation bias,10,chapters/10-beliefs-that-defend-themselves.qmd,Confirmation and myside bias,True,BE-Aalborg/BE2026/BE05. Heuristics & Biases.pptx,2
Myside bias,10,chapters/10-beliefs-that-defend-themselves.qmd,Confirmation and myside bias,True,,
Biased assimilation,10,chapters/10-beliefs-that-defend-themselves.qmd,Confirmation and myside bias,True,BE-Aalborg/BE05. Heuristics and Biases.pdf,41
Motivated reasoning,10,chapters/10-beliefs-that-defend-themselves.qmd,Confirmation and myside bias,True,BE-Aalborg/BE02. Decision Making Process.pdf,41
Self-serving attribution,10,chapters/10-beliefs-that-defend-themselves.qmd,"Protect the test, not the belief",True,BE-Aalborg/BE2026/BE02. Decision-Making Process.pptx,34
Fundamental attribution error,10,chapters/10-beliefs-that-defend-themselves.qmd,"Attribution: behavior is visible, situations are not",True,DPN-Aalborg/03. Social Influence.pdf,2
Bias blind spot,10,chapters/10-beliefs-that-defend-themselves.qmd,When both sides feel objective,True,"BE-Aalborg/02 - Attention, Heuristics and Biases/05. Biases.pptx",44
Barnum effect,10,chapters/10-beliefs-that-defend-themselves.qmd,Confirmation and myside bias,True,BE-Aalborg/BE2026/BE05. Heuristics & Biases.pptx,16
Positive illusions,10,chapters/10-beliefs-that-defend-themselves.qmd,Optional research note: can a flattering belief help?,True,,
Unrealistic optimism,10,chapters/10-beliefs-that-defend-themselves.qmd,Optional research note: can a flattering belief help?,True,BE-Aalborg/01 - Foundations and Neuroscience/The Predictive Brain in Behavioral Economics.docx,
Anchoring,11,chapters/11-when-context-rewrites-comparison.qmd,The first number enters first,True,BE-Aalborg/BE2026/BE05. Heuristics & Biases.pptx,2
Insufficient adjustment,11,chapters/11-when-context-rewrites-comparison.qmd,The first number enters first,True,BE-Aalborg/BE2026/BE05. Heuristics & Biases.pptx,24
Selective accessibility,11,chapters/11-when-context-rewrites-comparison.qmd,The first number enters first,True,BE-Aalborg/DPN2026/DPN03. Heuristics & Biases.pdf,76
Halo effect,11,chapters/11-when-context-rewrites-comparison.qmd,Halo and horn effects,True,BE-Aalborg/BE2026/BE04. Two Systems of Thinking.pptx,32
Horn effect,11,chapters/11-when-context-rewrites-comparison.qmd,The first number enters first,True,BE-Aalborg/BE2026/BE05. Heuristics & Biases.pptx,29
Decoy effect,11,chapters/11-when-context-rewrites-comparison.qmd,The decoy changes the comparison,True,DPN-Aalborg/DPN01. Decision Process.pptx,27
Attraction effect,11,chapters/11-when-context-rewrites-comparison.qmd,The decoy changes the comparison,True,,
Contrast effect,11,chapters/11-when-context-rewrites-comparison.qmd,Together or separately: what becomes easy to evaluate? {#evaluation-modes},True,BE-Aalborg/BE2026/BE03. Prediction and Expectation.pptx,44
Compromise effect,11,chapters/11-when-context-rewrites-comparison.qmd,The decoy changes the comparison,True,DPN-Aalborg/DPN06. Integrative Negotiation.pptx,6
Joint evaluation,11,chapters/11-when-context-rewrites-comparison.qmd,Together or separately: what becomes easy to evaluate? {#evaluation-modes},True,"BE-Aalborg/04 - Risk, Probability and Prospect Theory/08. Probability Judgment.pptx",13
Separate evaluation,11,chapters/11-when-context-rewrites-comparison.qmd,Together or separately: what becomes easy to evaluate? {#evaluation-modes},True,"BE-Aalborg/04 - Risk, Probability and Prospect Theory/08. Probability Judgment.pptx",13
Evaluability,11,chapters/11-when-context-rewrites-comparison.qmd,Together or separately: what becomes easy to evaluate? {#evaluation-modes},True,BE-Aalborg/09 - Additional Topics/Existing Additional Topics/Behavioral Decision Theory additional.pptx,66
Preference reversal,11,chapters/11-when-context-rewrites-comparison.qmd,Together or separately: what becomes easy to evaluate? {#evaluation-modes},True,"BE-Aalborg/06 - Time, Money and Finance/16. Intertemporal Decision-Making.pptx",61
Prominence hypothesis,11,chapters/11-when-context-rewrites-comparison.qmd,Preference reversal: choosing is not the same task as pricing {#preference-reversal-and-prominence},True,"BE-Aalborg/02 - Attention, Heuristics and Biases/05. Biases.pptx",115
Framing,12,chapters/12-framing-when-the-same-facts-become-different-decisions.qmd,"Equivalent facts, different meanings",True,BE-Aalborg/BE2026/BE01. Intro to Behavioral Economics.pptx,33
Risky-choice framing,12,chapters/12-framing-when-the-same-facts-become-different-decisions.qmd,"Equivalent facts, different meanings",True,,
Attribute framing,12,chapters/12-framing-when-the-same-facts-become-different-decisions.qmd,"Equivalent facts, different meanings",True,,
Goal framing,12,chapters/12-framing-when-the-same-facts-become-different-decisions.qmd,"Equivalent facts, different meanings",True,,
Gain versus loss frame,12,chapters/12-framing-when-the-same-facts-become-different-decisions.qmd,"Equivalent facts, different meanings",True,BE-Aalborg/BE2026/BE02. Decision-Making Process.pptx,28
Misinformation effect,12,chapters/12-framing-when-the-same-facts-become-different-decisions.qmd,Framing memory and causality,True,BE-Aalborg/08 - Research Methods/18. Formulate Research Questions.pptx,52
False memory,12,chapters/12-framing-when-the-same-facts-become-different-decisions.qmd,Framing memory and causality,True,BE-Aalborg/BE2026/BE02. Decision-Making Process.pptx,2
Communicative framing,12,chapters/12-framing-when-the-same-facts-become-different-decisions.qmd,Opening / chapter overview,False,DPN-Aalborg/07. Communication and Connection.pptx,5
Priming,13,chapters/13-accessibility-familiarity-and-ease.qmd,Accessible concepts interpret ambiguity,True,BE-Aalborg/BE2026/BE05. Heuristics & Biases.pptx,2
Semantic priming,13,chapters/13-accessibility-familiarity-and-ease.qmd,Accessibility: memory prepares an answer,True,BE-Aalborg/BE2026/BE05. Heuristics & Biases.pptx,39
Conceptual priming,13,chapters/13-accessibility-familiarity-and-ease.qmd,Practice Lab,True,BE-Aalborg/BE2026/BE01. Intro to Behavioral Economics.pptx,14
Affective priming,13,chapters/13-accessibility-familiarity-and-ease.qmd,Accessible concepts interpret ambiguity,True,BE-Aalborg/BE2026/BE05. Heuristics & Biases.pptx,39
Context-dependent memory,13,chapters/13-accessibility-familiarity-and-ease.qmd,Accessibility: memory prepares an answer,True,BE-Aalborg/01 - Foundations and Neuroscience/Neuroeconomics.pptx,54
Encoding specificity,13,chapters/13-accessibility-familiarity-and-ease.qmd,Context-dependent memory: the setting can supply a cue {#context-dependent-memory},True,BE-Aalborg/01 - Foundations and Neuroscience/Neuroeconomics.pptx,54
Processing fluency,13,chapters/13-accessibility-familiarity-and-ease.qmd,Familiarity and cognitive ease,True,DPN-Aalborg/DPN04. Influence & Persuasion.pptx,89
Cognitive ease,13,chapters/13-accessibility-familiarity-and-ease.qmd,Familiarity and cognitive ease,True,BE-Aalborg/BE2026/BE04. Two Systems of Thinking.pptx,32
Mere-exposure effect,13,chapters/13-accessibility-familiarity-and-ease.qmd,Repetition can become liking and truth,True,BE-Aalborg/BE2026/BE05. Heuristics & Biases.pptx,2
Illusory-truth effect,13,chapters/13-accessibility-familiarity-and-ease.qmd,Repetition can become liking and truth,True,DPN-Aalborg/DPN04. Influence & Persuasion.pptx,98
Source monitoring,13,chapters/13-accessibility-familiarity-and-ease.qmd,Repetition can become liking and truth,True,,
Subliminal cues,13,chapters/13-accessibility-familiarity-and-ease.qmd,Research note: processing masked cues {#evidence-boundary-concealed-cues-are-not-mind-control-title},True,BE-Aalborg/BE2026/BE03. Prediction and Expectation.pptx,19
Base rates,14,chapters/14-base-rates-conditional-probability-and-bayesian-updating.qmd,Reference classes are judgment calls,True,BE-Aalborg/BE2026/BE02. Decision-Making Process.pptx,37
Conditional probability,14,chapters/14-base-rates-conditional-probability-and-bayesian-updating.qmd,Practice Lab,True,"BE-Aalborg/04 - Risk, Probability and Prospect Theory/08. Probability Judgment.pptx",54
Bayesian updating,14,chapters/14-base-rates-conditional-probability-and-bayesian-updating.qmd,Practice Lab,True,"BE-Aalborg/04 - Risk, Probability and Prospect Theory/08. Probability Judgment.pptx",22
Natural frequencies,14,chapters/14-base-rates-conditional-probability-and-bayesian-updating.qmd,Natural frequencies make Bayes visible,True,DPN-Aalborg/Decision_Making_Enriched_Book.docx,
Likelihood ratio,14,chapters/14-base-rates-conditional-probability-and-bayesian-updating.qmd,Opening / chapter overview,False,,
Reference class,14,chapters/14-base-rates-conditional-probability-and-bayesian-updating.qmd,Natural frequencies make Bayes visible,True,BE-Aalborg/BE2026/BE05. Heuristics & Biases.pptx,14
Conjunction rule,14,chapters/14-base-rates-conditional-probability-and-bayesian-updating.qmd,Learning goals,True,"BE-Aalborg/02 - Attention, Heuristics and Biases/04. Heuristics.pptx",55
Disjunction rule,14,chapters/14-base-rates-conditional-probability-and-bayesian-updating.qmd,Reference classes are judgment calls,True,"BE-Aalborg/02 - Attention, Heuristics and Biases/04. Heuristics.pptx",55
Independence,14,chapters/14-base-rates-conditional-probability-and-bayesian-updating.qmd,Conditional direction matters,True,BE-Aalborg/BE2026/BE03. Prediction and Expectation.pptx,31
Law of small numbers,15,chapters/15-samples-randomness-regression-and-calibration.qmd,Small samples swing widely,True,"BE-Aalborg/04 - Risk, Probability and Prospect Theory/08. Probability Judgment.pptx",20
Gambler's fallacy,15,chapters/15-samples-randomness-regression-and-calibration.qmd,Streaks require a process model,True,BE-Aalborg/BE2026/BE05. Heuristics & Biases.pptx,52
Hot-hand effect,15,chapters/15-samples-randomness-regression-and-calibration.qmd,Streaks require a process model,True,"BE-Aalborg/04 - Risk, Probability and Prospect Theory/08. Probability Judgment.pptx",20
Random clusters,15,chapters/15-samples-randomness-regression-and-calibration.qmd,Clusters and the search for causes,True,"BE-Aalborg/Readings/01 - AI, Prediction and Complexity/Impact_ML_on_Econ_Summary.pptx",3
Regression to the mean,15,chapters/15-samples-randomness-regression-and-calibration.qmd,Test the width of your uncertainty,True,"BE-Aalborg/04 - Risk, Probability and Prospect Theory/08. Probability Judgment.pptx",24
Overconfidence,15,chapters/15-samples-randomness-regression-and-calibration.qmd,Illusion of control: did the action change the odds? {#illusion-of-control},True,BE-Aalborg/BE2026/BE05. Heuristics & Biases.pptx,2
Overestimation,15,chapters/15-samples-randomness-regression-and-calibration.qmd,Planning fallacy: the plan needs an outside view {#planning-fallacy-and-outside-view},True,BE-Aalborg/BE2026/BE05. Heuristics & Biases.pptx,20
Overplacement,15,chapters/15-samples-randomness-regression-and-calibration.qmd,Planning fallacy: the plan needs an outside view {#planning-fallacy-and-outside-view},True,BE-Aalborg/BE2026/BE05. Heuristics & Biases.pptx,20
Overprecision,15,chapters/15-samples-randomness-regression-and-calibration.qmd,Planning fallacy: the plan needs an outside view {#planning-fallacy-and-outside-view},True,BE-Aalborg/BE2026/BE05. Heuristics & Biases.pptx,20
Dunning-Kruger,15,chapters/15-samples-randomness-regression-and-calibration.qmd,Test the width of your uncertainty,True,"BE-Aalborg/06 - Time, Money and Finance/16. Intertemporal Decision-Making.pptx",63
Planning fallacy,15,chapters/15-samples-randomness-regression-and-calibration.qmd,Planning fallacy: the plan needs an outside view {#planning-fallacy-and-outside-view},True,BE-Aalborg/BE2026/BE05. Heuristics & Biases.pptx,20
Inside view,15,chapters/15-samples-randomness-regression-and-calibration.qmd,Practice Lab,True,BE-Aalborg/BE2026/BE05. Heuristics & Biases.pptx,23
Outside view,15,chapters/15-samples-randomness-regression-and-calibration.qmd,Practice Lab,True,BE-Aalborg/BE2026/BE05. Heuristics & Biases.pptx,23
Calibration,15,chapters/15-samples-randomness-regression-and-calibration.qmd,Planning fallacy: the plan needs an outside view {#planning-fallacy-and-outside-view},True,BE-Aalborg/BE2026/BE01. Intro to Behavioral Economics.pptx,32
Resolution,15,chapters/15-samples-randomness-regression-and-calibration.qmd,Calibration makes confidence answerable,True,BE-Aalborg/BE2026/BE03. Prediction and Expectation.pptx,39
Brier score,15,chapters/15-samples-randomness-regression-and-calibration.qmd,Calibration makes confidence answerable,True,DPN-Aalborg/additional topics/_Needs Classification/Strategic and Data-Driven Decision Making Synthesis Deck.pptx,85
Illusion of control,15,chapters/15-samples-randomness-regression-and-calibration.qmd,Regression to the mean,True,"BE-Aalborg/02 - Attention, Heuristics and Biases/05. Biases.pptx",31
Expected value,16,chapters/16-risky-decision-making-a-probability-is-not-yet-a-feeling.qmd,Curvature and attitudes toward a mean-preserving risk,True,BE-Aalborg/BE2026/BE12. Mental Acounting.pptx,26
Expected utility,16,chapters/16-risky-decision-making-a-probability-is-not-yet-a-feeling.qmd,Curvature and attitudes toward a mean-preserving risk,True,BE-Aalborg/BE2026/BE01. Intro to Behavioral Economics.pptx,16
Certainty equivalent,16,chapters/16-risky-decision-making-a-probability-is-not-yet-a-feeling.qmd,Research Lens: every elicitation task measures a bundle,True,"BE-Aalborg/04 - Risk, Probability and Prospect Theory/09. Risky Decision-Making.pptx",12
Risk aversion,16,chapters/16-risky-decision-making-a-probability-is-not-yet-a-feeling.qmd,Curvature and attitudes toward a mean-preserving risk,True,BE-Aalborg/BE2026/BE10. Asset Bubbles.pptx,36
Ambiguity aversion,16,chapters/16-risky-decision-making-a-probability-is-not-yet-a-feeling.qmd,The Ellsberg urn: risk is not ambiguity,True,BE-Aalborg/01 - Foundations and Neuroscience/Neuroeconomics.pptx,83
Allais paradox,16,chapters/16-risky-decision-making-a-probability-is-not-yet-a-feeling.qmd,Expected utility: value over final consequences,True,"BE-Aalborg/04 - Risk, Probability and Prospect Theory/09. Risky Decision-Making.pptx",33
Ellsberg paradox,16,chapters/16-risky-decision-making-a-probability-is-not-yet-a-feeling.qmd,The Ellsberg urn: risk is not ambiguity,True,"BE-Aalborg/04 - Risk, Probability and Prospect Theory/09. Risky Decision-Making.pptx",38
St. Petersburg paradox,16,chapters/16-risky-decision-making-a-probability-is-not-yet-a-feeling.qmd,Application box: the single-period newsvendor,True,"BE-Aalborg/04 - Risk, Probability and Prospect Theory/09. Risky Decision-Making.pptx",7
Compounding,16,chapters/16-risky-decision-making-a-probability-is-not-yet-a-feeling.qmd,Opening / chapter overview,False,,
Geometric mean,16,chapters/16-risky-decision-making-a-probability-is-not-yet-a-feeling.qmd,Research Lens: a positive arithmetic average can conceal multiplicative collapse,True,,
Probability of ruin,16,chapters/16-risky-decision-making-a-probability-is-not-yet-a-feeling.qmd,Research Lens: a positive arithmetic average can conceal multiplicative collapse,True,BE-Aalborg/BE2026/BE02. Decision-Making Process.pptx,11
Kelly criterion,16,chapters/16-risky-decision-making-a-probability-is-not-yet-a-feeling.qmd,Opening / chapter overview,False,DPN-Aalborg/Behavioral economics for the workplace 6 lessons.pdf,28
Prospect theory,17,chapters/17-prospect-theory-gains-and-losses-begin-at-a-reference-point.qmd,Framing changes the comparison; check equivalence {#framing-changes-the-reference-point-but-equivalence-must-be-checked},True,BE-Aalborg/BE2026/BE01. Intro to Behavioral Economics.pptx,2
Reference dependence,17,chapters/17-prospect-theory-gains-and-losses-begin-at-a-reference-point.qmd,The value function: sensitivity diminishes with distance,True,BE-Aalborg/BE2026/BE02. Decision-Making Process.pptx,22
Loss aversion,17,chapters/17-prospect-theory-gains-and-losses-begin-at-a-reference-point.qmd,A practical ownership test,True,BE-Aalborg/BE2026/BE05. Heuristics & Biases.pptx,57
Diminishing sensitivity,17,chapters/17-prospect-theory-gains-and-losses-begin-at-a-reference-point.qmd,The value function: sensitivity diminishes with distance,True,BE-Aalborg/BE2026/BE12. Mental Acounting.pptx,2
Probability weighting,17,chapters/17-prospect-theory-gains-and-losses-begin-at-a-reference-point.qmd,Worked calculation: a low-probability gain,True,"BE-Aalborg/04 - Risk, Probability and Prospect Theory/10. Prospect Theory.pptx",19
Fourfold pattern,17,chapters/17-prospect-theory-gains-and-losses-begin-at-a-reference-point.qmd,The fourfold pattern of risk attitudes,True,"BE-Aalborg/04 - Risk, Probability and Prospect Theory/10. Prospect Theory.pptx",4
Certainty effect,17,chapters/17-prospect-theory-gains-and-losses-begin-at-a-reference-point.qmd,Certainty and possibility are psychological boundaries,True,"BE-Aalborg/04 - Risk, Probability and Prospect Theory/09. Risky Decision-Making.pptx",33
Endowment effect,17,chapters/17-prospect-theory-gains-and-losses-begin-at-a-reference-point.qmd,Research Lens: related phenomena require separate diagnoses,True,"BE-Aalborg/04 - Risk, Probability and Prospect Theory/10. Prospect Theory.pptx",5
IKEA effect,17,chapters/17-prospect-theory-gains-and-losses-begin-at-a-reference-point.qmd,A practical ownership test,True,"BE-Aalborg/04 - Risk, Probability and Prospect Theory/10. Prospect Theory.pptx",5
Status quo bias,17,chapters/17-prospect-theory-gains-and-losses-begin-at-a-reference-point.qmd,The IKEA effect: labor can create value {#the-ikea-effect-labor-can-create-value-without-proving-loss-aversion},True,"BE-Aalborg/04 - Risk, Probability and Prospect Theory/10. Prospect Theory.pptx",5
Description-experience gap,18,chapters/18-decisions-from-experience-when-rare-events-are-not-encountered.qmd,Four sources-of-information situations {#four-epistemic-states},True,BE-Aalborg/07 - Decision from Experience and Operations/23. Decision from Experience.pptx,2
Rare-event sampling,18,chapters/18-decisions-from-experience-when-rare-events-are-not-encountered.qmd,Four sources-of-information situations {#four-epistemic-states},True,"BE-Aalborg/02 - Attention, Heuristics and Biases/05. Biases.pptx",36
Optional stopping,18,chapters/18-decisions-from-experience-when-rare-events-are-not-encountered.qmd,Stopping is part of the evidence,True,"BE-Aalborg/Readings/03 - Priming and Goal Setting/Priming, Subliminal Messaging, and Positive Thinking_ A Scientific Review and the Replication Crisis.docx",
Recency,18,chapters/18-decisions-from-experience-when-rare-events-are-not-encountered.qmd,Stopping is part of the evidence,True,BE-Aalborg/07 - Decision from Experience and Operations/23. Decision from Experience.pptx,19
Contingent sampling,18,chapters/18-decisions-from-experience-when-rare-events-are-not-encountered.qmd,Recent and memorable outcomes receive more influence,True,BE-Aalborg/07 - Decision from Experience and Operations/23. Decision from Experience.pptx,19
Reinforcement learning,18,chapters/18-decisions-from-experience-when-rare-events-are-not-encountered.qmd,Beyond rare-event lotteries,True,"BE-Aalborg/03 - Context, Habits and Choice Architecture/06&07. Contextual Influence.pptx",83
Exploration-exploitation trade-off,18,chapters/18-decisions-from-experience-when-rare-events-are-not-encountered.qmd,A decision record for experiential learning,True,DPN-Aalborg/DPN07. Communication & Connection.pptx,9
Normalcy bias,18,chapters/18-decisions-from-experience-when-rare-events-are-not-encountered.qmd,Locals and visitors can encounter different risk signals,True,"BE-Aalborg/02 - Attention, Heuristics and Biases/05. Biases.pptx",124
Intertemporal choice,19,chapters/19-intertemporal-decision-making-why-later-loses-to-now.qmd,Applied Lens: compare the complete time stream,True,BE-Aalborg/BE2026/BE01. Intro to Behavioral Economics.pptx,2
Exponential discounting,19,chapters/19-intertemporal-decision-making-why-later-loses-to-now.qmd,Present bias and preference reversal,True,"BE-Aalborg/06 - Time, Money and Finance/16. Intertemporal Decision-Making.pptx",16
Hyperbolic discounting,19,chapters/19-intertemporal-decision-making-why-later-loses-to-now.qmd,Present bias and preference reversal,True,"BE-Aalborg/06 - Time, Money and Finance/16. Intertemporal Decision-Making.pptx",22
Present bias,19,chapters/19-intertemporal-decision-making-why-later-loses-to-now.qmd,Why delay changes more than mathematical value,True,"BE-Aalborg/06 - Time, Money and Finance/16. Intertemporal Decision-Making.pptx",20
Dynamic inconsistency,19,chapters/19-intertemporal-decision-making-why-later-loses-to-now.qmd,Present bias and preference reversal,True,BE-Aalborg/BE2026/BE05. Heuristics & Biases.pptx,29
Magnitude effect,19,chapters/19-intertemporal-decision-making-why-later-loses-to-now.qmd,"Amount, sign, wording, search, and domain",True,"BE-Aalborg/06 - Time, Money and Finance/16. Intertemporal Decision-Making.pptx",23
Sign effect,19,chapters/19-intertemporal-decision-making-why-later-loses-to-now.qmd,"Amount, sign, wording, search, and domain",True,"BE-Aalborg/06 - Time, Money and Finance/16. Intertemporal Decision-Making.pptx",25
Date-delay framing,19,chapters/19-intertemporal-decision-making-why-later-loses-to-now.qmd,"Credibility, attention, and imagination",True,BE-Aalborg/BE2026/BE01. Intro to Behavioral Economics.pptx,15
Hidden-zero effect,19,chapters/19-intertemporal-decision-making-why-later-loses-to-now.qmd,What did the patience task identify?,True,"BE-Aalborg/06 - Time, Money and Finance/16. Intertemporal Decision-Making.pptx",23
Subjective time,19,chapters/19-intertemporal-decision-making-why-later-loses-to-now.qmd,"Credibility, attention, and imagination",True,DPN-Aalborg/DPN01. Decision Process.pptx,41
Anticipation,19,chapters/19-intertemporal-decision-making-why-later-loses-to-now.qmd,"Credibility, attention, and imagination",True,BE-Aalborg/BE2026/BE10. Asset Bubbles.pptx,5
Episodic future thinking,19,chapters/19-intertemporal-decision-making-why-later-loses-to-now.qmd,The future must become believable and self-relevant,True,"BE-Aalborg/06 - Time, Money and Finance/16. Intertemporal Decision-Making.pptx",33
Future-self continuity,19,chapters/19-intertemporal-decision-making-why-later-loses-to-now.qmd,"Credibility, attention, and imagination",True,BE-Aalborg/BE2026/BE02. Decision-Making Process.pptx,19
Precommitment,19,chapters/19-intertemporal-decision-making-why-later-loses-to-now.qmd,"Design the bridge, not only the destination",True,BE-Aalborg/BE2026/BE02. Decision-Making Process.pptx,23
Scarcity and bandwidth,19,chapters/19-intertemporal-decision-making-why-later-loses-to-now.qmd,Scarcity and trust: when now is rational,True,BE-Aalborg/BE2026/BE01. Intro to Behavioral Economics.pptx,13
Mental accounting,20,chapters/20-mental-accounting-money-is-fungible-minds-label-it.qmd,A mental-accounting audit,True,BE-Aalborg/BE2026/BE12. Mental Acounting.pptx,1
Fungibility,20,chapters/20-mental-accounting-money-is-fungible-minds-label-it.qmd,Label and bracket: useful budgets that can become walls,True,BE-Aalborg/BE2026/BE12. Mental Acounting.pptx,20
Acquisition utility,20,chapters/20-mental-accounting-money-is-fungible-minds-label-it.qmd,"Four operations: label, bracket, couple, and close",True,BE-Aalborg/BE2026/BE12. Mental Acounting.pptx,7
Transaction utility,20,chapters/20-mental-accounting-money-is-fungible-minds-label-it.qmd,"Four operations: label, bracket, couple, and close",True,BE-Aalborg/BE2026/BE12. Mental Acounting.pptx,5
Sunk costs,20,chapters/20-mental-accounting-money-is-fungible-minds-label-it.qmd,Couple: when consumption repays a purchase,True,BE-Aalborg/BE2026/BE07&08. Behavioral Game Theory.pptx,112
Escalation of commitment,20,chapters/20-mental-accounting-money-is-fungible-minds-label-it.qmd,Close: sunk costs and the pain of closing an account,True,BE-Aalborg/BE2026/BE07&08. Behavioral Game Theory.pptx,112
Payment coupling,20,chapters/20-mental-accounting-money-is-fungible-minds-label-it.qmd,Learning goals,True,DPN-Aalborg/DPN04. Influence & Persuasion.pptx,98
Pain of paying,20,chapters/20-mental-accounting-money-is-fungible-minds-label-it.qmd,Bracket for experience: hedonic editing,True,BE-Aalborg/BE2026/BE02. Decision-Making Process.pptx,22
Mental budgets,20,chapters/20-mental-accounting-money-is-fungible-minds-label-it.qmd,A mental-accounting audit,True,BE-Aalborg/BE2026/BE02. Decision-Making Process.pptx,11
Choice bracketing,20,chapters/20-mental-accounting-money-is-fungible-minds-label-it.qmd,Diversification: when the menu becomes the portfolio {#when-the-menu-becomes-the-portfolio},True,BE-Aalborg/BE2026/BE12. Mental Acounting.pptx,5
House-money effect,20,chapters/20-mental-accounting-money-is-fungible-minds-label-it.qmd,"Close and reopen: house money, break-even, and realization",True,BE-Aalborg/BE2026/BE12. Mental Acounting.pptx,5
Break-even effect,20,chapters/20-mental-accounting-money-is-fungible-minds-label-it.qmd,"Close and reopen: house money, break-even, and realization",True,BE-Aalborg/BE2026/BE12. Mental Acounting.pptx,5
Disposition effect,20,chapters/20-mental-accounting-money-is-fungible-minds-label-it.qmd,"Close and reopen: house money, break-even, and realization",True,BE-Aalborg/BE2026/BE12. Mental Acounting.pptx,5
Hedonic editing,20,chapters/20-mental-accounting-money-is-fungible-minds-label-it.qmd,Bracket: one decision or a portfolio?,True,BE-Aalborg/BE2026/BE12. Mental Acounting.pptx,48
Naive diversification,20,chapters/20-mental-accounting-money-is-fungible-minds-label-it.qmd,Diversification: when the menu becomes the portfolio {#when-the-menu-becomes-the-portfolio},True,,
Diversification bias,20,chapters/20-mental-accounting-money-is-fungible-minds-label-it.qmd,Diversification: when the menu becomes the portfolio {#when-the-menu-becomes-the-portfolio},True,,
1/n heuristic,20,chapters/20-mental-accounting-money-is-fungible-minds-label-it.qmd,Diversification: when the menu becomes the portfolio {#when-the-menu-becomes-the-portfolio},True,BE-Aalborg/BE2026/BE12. Mental Acounting.pptx,51
Daily income targets,20,chapters/20-mental-accounting-money-is-fungible-minds-label-it.qmd,Diversification: when the menu becomes the portfolio {#when-the-menu-becomes-the-portfolio},True,,
Habit formation,21,chapters/21-habits-wanting-and-self-control.qmd,Learning goals,True,BE-Aalborg/BE2026/BE01. Intro to Behavioral Economics.pptx,2
Automaticity,21,chapters/21-habits-wanting-and-self-control.qmd,Research note: what counts as evidence of a habit?,True,BE-Aalborg/BE2026/BE04. Two Systems of Thinking.pptx,27
Cue-response learning,21,chapters/21-habits-wanting-and-self-control.qmd,Practice Lab,True,BE-Aalborg/BE2026/BE01. Intro to Behavioral Economics.pptx,25
Positive reinforcement,21,chapters/21-habits-wanting-and-self-control.qmd,What checking accomplishes,True,BE-Aalborg/01 - Foundations and Neuroscience/Neuroeconomics.pptx,48
Negative reinforcement,21,chapters/21-habits-wanting-and-self-control.qmd,What checking accomplishes,True,,
Reward prediction error,21,chapters/21-habits-wanting-and-self-control.qmd,Research note: unexpected outcomes and dopamine,True,BE-Aalborg/BE2026/BE06. Habits and Behavior Design.pptx,18
Dopamine,21,chapters/21-habits-wanting-and-self-control.qmd,Research note: what counts as evidence of a habit?,True,BE-Aalborg/BE2026/BE06. Habits and Behavior Design.pptx,2
Incentive salience,21,chapters/21-habits-wanting-and-self-control.qmd,Wanting can outlast liking {#wanting-can-outlast-liking},True,BE-Aalborg/01 - Foundations and Neuroscience/Anatomy of Decision 1.docx,
Wanting versus liking,21,chapters/21-habits-wanting-and-self-control.qmd,What checking accomplishes,True,BE-Aalborg/BE2026/BE05. Heuristics & Biases.pptx,32
Ego depletion,21,chapters/21-habits-wanting-and-self-control.qmd,Opening / chapter overview,False,BE-Aalborg/BE2026/BE06. Habits and Behavior Design.pptx,27
Urge surfing,21,chapters/21-habits-wanting-and-self-control.qmd,Make room for an urge {#create-space-without-demanding-that-the-urge-disappear},True,BE-Aalborg/BE2026/BE06. Habits and Behavior Design.pptx,30
RAIN,21,chapters/21-habits-wanting-and-self-control.qmd,Optional practice: observing an urge with BRAIN,True,BE-Aalborg/BE2026/BE01. Intro to Behavioral Economics.pptx,8
BRAIN,21,chapters/21-habits-wanting-and-self-control.qmd,Optional practice: observing an urge with BRAIN,True,BE-Aalborg/BE2026/BE02. Decision-Making Process.pptx,16
Marshmallow test,21,chapters/21-habits-wanting-and-self-control.qmd,Opening / chapter overview,False,BE-Aalborg/BE2026/BE06. Habits and Behavior Design.pptx,28
Self-control,21,chapters/21-habits-wanting-and-self-control.qmd,Changing the routine before the next difficult sentence,True,BE-Aalborg/BE2026/BE05. Heuristics & Biases.pptx,17
Subjective well-being,22,chapters/22-deciding-for-a-better-life-satisfaction-connection-and-meaning.qmd,Bridge: a better life is not made alone,True,BE-Aalborg/09 - Additional Topics/Existing Additional Topics/146 Happiness.pdf,9
Life satisfaction,22,chapters/22-deciding-for-a-better-life-satisfaction-connection-and-meaning.qmd,Compare the six questions,True,BE-Aalborg/09 - Additional Topics/Existing Additional Topics/146 Happiness.pdf,14
Hedonic well-being,22,chapters/22-deciding-for-a-better-life-satisfaction-connection-and-meaning.qmd,Opening / chapter overview,False,BE-Aalborg/BE2026/BE12. Mental Acounting.pptx,48
Eudaimonic well-being,22,chapters/22-deciding-for-a-better-life-satisfaction-connection-and-meaning.qmd,Compare the six questions,True,BE-Aalborg/09 - Additional Topics/Mind Magic.pptx,40
Predicted utility,22,chapters/22-deciding-for-a-better-life-satisfaction-connection-and-meaning.qmd,Compare the six questions,True,,
Decision utility,22,chapters/22-deciding-for-a-better-life-satisfaction-connection-and-meaning.qmd,Compare the six questions,True,"BE-Aalborg/03 - Context, Habits and Choice Architecture/05. Habit and Behavior Design.pdf",9
Experienced utility,22,chapters/22-deciding-for-a-better-life-satisfaction-connection-and-meaning.qmd,"One word, several targets",True,"BE-Aalborg/06 - Time, Money and Finance/16. Intertemporal Decision-Making.pptx",71
Remembered utility,22,chapters/22-deciding-for-a-better-life-satisfaction-connection-and-meaning.qmd,Compare the six questions,True,"BE-Aalborg/06 - Time, Money and Finance/16. Intertemporal Decision-Making.pptx",72
Affective forecasting,22,chapters/22-deciding-for-a-better-life-satisfaction-connection-and-meaning.qmd,Before the outcome: predicted utility is a forecast,True,BE-Aalborg/01 - Foundations and Neuroscience/Neuroeconomics.pptx,2
Impact bias,22,chapters/22-deciding-for-a-better-life-satisfaction-connection-and-meaning.qmd,Before the outcome: predicted utility is a forecast,True,"BE-Aalborg/06 - Time, Money and Finance/16. Intertemporal Decision-Making.pptx",76
Focalism,22,chapters/22-deciding-for-a-better-life-satisfaction-connection-and-meaning.qmd,Before the outcome: predicted utility is a forecast,True,BE-Aalborg/09 - Additional Topics/Existing Additional Topics/Behavioral Decision Theory additional.pptx,31
Projection bias,22,chapters/22-deciding-for-a-better-life-satisfaction-connection-and-meaning.qmd,Impact bias and focalism,True,"BE-Aalborg/06 - Time, Money and Finance/16. Intertemporal Decision-Making.pptx",76
Peak-end rule,22,chapters/22-deciding-for-a-better-life-satisfaction-connection-and-meaning.qmd,After the outcome: memory edits experience,True,"BE-Aalborg/06 - Time, Money and Finance/16. Intertemporal Decision-Making.pptx",71
Duration neglect,22,chapters/22-deciding-for-a-better-life-satisfaction-connection-and-meaning.qmd,After the outcome: memory edits experience,True,"BE-Aalborg/06 - Time, Money and Finance/16. Intertemporal Decision-Making.pptx",71
Hedonic adaptation,22,chapters/22-deciding-for-a-better-life-satisfaction-connection-and-meaning.qmd,Compare the six questions,True,DPN-Aalborg/DPN04. Influence & Persuasion.pptx,87
Focusing illusion,22,chapters/22-deciding-for-a-better-life-satisfaction-connection-and-meaning.qmd,Social comparison and the focusing illusion,True,DPN-Aalborg/DPN03. Heuristics & Biases.pptx,9
Income and happiness,22,chapters/22-deciding-for-a-better-life-satisfaction-connection-and-meaning.qmd,A well-being decision audit,True,BE-Aalborg/BE2026/BE10. Asset Bubbles.pptx,14
Social comparison,22,chapters/22-deciding-for-a-better-life-satisfaction-connection-and-meaning.qmd,"Adaptation: selective, incomplete, and morally easy to misuse",True,BE-Aalborg/BE2026/BE06. Habits and Behavior Design.pptx,40
Strategic interdependence,23,chapters/23-strategic-interdependence-the-best-move-depends-on-other-minds.qmd,See the game before solving it,True,BE-Aalborg/BE2026/BE01. Intro to Behavioral Economics.pptx,2
Best response,23,chapters/23-strategic-interdependence-the-best-move-depends-on-other-minds.qmd,Application: run a strategic audit before giving advice,True,BE-Aalborg/BE2026/BE07&08. Behavioral Game Theory.pptx,2
Nash equilibrium,23,chapters/23-strategic-interdependence-the-best-move-depends-on-other-minds.qmd,See the game before solving it,True,BE-Aalborg/BE2026/BE07&08. Behavioral Game Theory.pptx,30
Prisoner's dilemma,23,chapters/23-strategic-interdependence-the-best-move-depends-on-other-minds.qmd,Opening / chapter overview,False,BE-Aalborg/BE2026/BE07&08. Behavioral Game Theory.pptx,53
Coordination game,23,chapters/23-strategic-interdependence-the-best-move-depends-on-other-minds.qmd,First diagnose the strategic problem,True,BE-Aalborg/BE2026/BE07&08. Behavioral Game Theory.pptx,1
Focal points,23,chapters/23-strategic-interdependence-the-best-move-depends-on-other-minds.qmd,"Ethics: cooperation for whom, commitment against whom?",True,BE-Aalborg/BE2026/BE07&08. Behavioral Game Theory.pptx,15
Stag hunt,23,chapters/23-strategic-interdependence-the-best-move-depends-on-other-minds.qmd,"Focality, payoff dominance, and evidence",True,BE-Aalborg/BE2026/BE07&08. Behavioral Game Theory.pptx,90
Chicken game,23,chapters/23-strategic-interdependence-the-best-move-depends-on-other-minds.qmd,Research Lens: three additional strategic structures,True,BE-Aalborg/BE2026/BE07&08. Behavioral Game Theory.pptx,99
Battle of the sexes,23,chapters/23-strategic-interdependence-the-best-move-depends-on-other-minds.qmd,Volunteer's dilemma,True,BE-Aalborg/BE2026/BE07&08. Behavioral Game Theory.pptx,99
Volunteer's dilemma,23,chapters/23-strategic-interdependence-the-best-move-depends-on-other-minds.qmd,First diagnose the strategic problem,True,BE-Aalborg/BE2026/BE07&08. Behavioral Game Theory.pptx,103
Commitment,23,chapters/23-strategic-interdependence-the-best-move-depends-on-other-minds.qmd,Application: run a strategic audit before giving advice,True,BE-Aalborg/BE2026/BE02. Decision-Making Process.pptx,23
Dollar auction,23,chapters/23-strategic-interdependence-the-best-move-depends-on-other-minds.qmd,Research Lens: the €50 auction and competitive escalation,True,"BE-Aalborg/02 - Attention, Heuristics and Biases/05. Biases.pptx",107
Unraveling,23,chapters/23-strategic-interdependence-the-best-move-depends-on-other-minds.qmd,Opening / chapter overview,False,BE-Aalborg/BE2026/BE07&08. Behavioral Game Theory.pptx,28
Level-k,24,chapters/24-behavioral-game-theory-equilibrium-is-a-benchmark-not-a-portrait.qmd,"Three lenses, three questions",True,BE-Aalborg/BE2026/BE07&08. Behavioral Game Theory.pptx,2
Cognitive hierarchy,24,chapters/24-behavioral-game-theory-equilibrium-is-a-benchmark-not-a-portrait.qmd,Limited strategic depth: level-*k*,True,BE-Aalborg/BE2026/BE07&08. Behavioral Game Theory.pptx,2
Beauty contest,24,chapters/24-behavioral-game-theory-equilibrium-is-a-benchmark-not-a-portrait.qmd,Cognitive hierarchy: best respond to a mixture,True,BE-Aalborg/BE2026/BE07&08. Behavioral Game Theory.pptx,19
Experience-weighted attraction,24,chapters/24-behavioral-game-theory-equilibrium-is-a-benchmark-not-a-portrait.qmd,Opening / chapter overview,False,,
Quantal response,24,chapters/24-behavioral-game-theory-equilibrium-is-a-benchmark-not-a-portrait.qmd,Opening / chapter overview,False,,
Strategic learning,24,chapters/24-behavioral-game-theory-equilibrium-is-a-benchmark-not-a-portrait.qmd,Application: choose the model after diagnosing the process,True,BE-Aalborg/BE2026/BE01. Intro to Behavioral Economics.pptx,9
Equilibrium versus behavior,24,chapters/24-behavioral-game-theory-equilibrium-is-a-benchmark-not-a-portrait.qmd,Advanced research track: evolutionary and spatial models,True,BE-Aalborg/BE2026/BE07&08. Behavioral Game Theory.pptx,3
Social preferences,25,chapters/25-cooperation-and-social-preferences-self-interest-is-not-the-only-payoff.qmd,"Bridge: preferences, norms, and enforcement are different",True,BE-Aalborg/05 - Strategic and Social Decisions/13. Social Norms.pptx,13
Altruism,25,chapters/25-cooperation-and-social-preferences-self-interest-is-not-the-only-payoff.qmd,What cooperation reveals about motives {#movement-2-what-people-value-socially},True,"BE-Aalborg/03 - Context, Habits and Choice Architecture/06&07. Contextual Influence.pptx",54
Inequity aversion,25,chapters/25-cooperation-and-social-preferences-self-interest-is-not-the-only-payoff.qmd,What cooperation reveals about motives {#movement-2-what-people-value-socially},True,BE-Aalborg/05 - Strategic and Social Decisions/13. Social Norms.pptx,45
Reciprocity,25,chapters/25-cooperation-and-social-preferences-self-interest-is-not-the-only-payoff.qmd,"Reputation, networks, and institutions change incentives",True,BE-Aalborg/BE2026/BE07&08. Behavioral Game Theory.pptx,3
Ultimatum game,25,chapters/25-cooperation-and-social-preferences-self-interest-is-not-the-only-payoff.qmd,What cooperation reveals about motives {#movement-2-what-people-value-socially},True,BE-Aalborg/01 - Foundations and Neuroscience/Neuroeconomics.pptx,75
Dictator game,25,chapters/25-cooperation-and-social-preferences-self-interest-is-not-the-only-payoff.qmd,Ultimatum game: fairness has strategic force,True,BE-Aalborg/05 - Strategic and Social Decisions/13. Social Norms.pptx,2
Trust game,25,chapters/25-cooperation-and-social-preferences-self-interest-is-not-the-only-payoff.qmd,Punishment can enforce cooperation—and create another dilemma,True,BE-Aalborg/05 - Strategic and Social Decisions/13. Social Norms.pptx,3
Public goods,25,chapters/25-cooperation-and-social-preferences-self-interest-is-not-the-only-payoff.qmd,"Cross-cultural, comparative, and neural evidence generate hypotheses",True,BE-Aalborg/BE2026/BE07&08. Behavioral Game Theory.pptx,60
Conditional cooperation,25,chapters/25-cooperation-and-social-preferences-self-interest-is-not-the-only-payoff.qmd,Applied case: large stakes do not remove context,True,"BE-Aalborg/Readings/01 - AI, Prediction and Complexity/__From Perception to Choice_ Understanding the Dimensions of Decision Making__.docx",
Costly punishment,25,chapters/25-cooperation-and-social-preferences-self-interest-is-not-the-only-payoff.qmd,"Bridge: preferences, norms, and enforcement are different",True,"BE-Aalborg/02 - Attention, Heuristics and Biases/04. Heuristics.pptx",62
Repeated cooperation,25,chapters/25-cooperation-and-social-preferences-self-interest-is-not-the-only-payoff.qmd,Compare the cooperation mechanisms,True,BE-Aalborg/BE2026/BE05. Heuristics & Biases.pptx,43
Reputation,25,chapters/25-cooperation-and-social-preferences-self-interest-is-not-the-only-payoff.qmd,"Reputation, networks, and institutions change incentives",True,BE-Aalborg/BE2026/BE02. Decision-Making Process.pptx,11
Assortment,25,chapters/25-cooperation-and-social-preferences-self-interest-is-not-the-only-payoff.qmd,"Reputation, networks, and institutions change incentives",True,BE-Aalborg/05 - Strategic and Social Decisions/22. Evolution of Cooperation.pptx,5
Intention-based reciprocity,25,chapters/25-cooperation-and-social-preferences-self-interest-is-not-the-only-payoff.qmd,"Bridge: preferences, norms, and enforcement are different",True,BE-Aalborg/BE2026/BE04. Two Systems of Thinking.pptx,10
Social learning,26,chapters/26-social-norms-and-conformity-when-other-people-become-evidence.qmd,"Conformity is an outcome, not a mechanism",True,DPN-Aalborg/DPN04. Influence & Persuasion.pptx,87
Mimicry,26,chapters/26-social-norms-and-conformity-when-other-people-become-evidence.qmd,Copying and cumulative culture,True,DPN-Aalborg/DPN04. Influence & Persuasion.pptx,11
Informational influence,26,chapters/26-social-norms-and-conformity-when-other-people-become-evidence.qmd,"Conformity is an outcome, not a mechanism",True,BE-Aalborg/BE2026/BE09. Behavioral Finance.pptx,2
Normative influence,26,chapters/26-social-norms-and-conformity-when-other-people-become-evidence.qmd,"Conformity is an outcome, not a mechanism",True,BE-Aalborg/BE2026/BE01. Intro to Behavioral Economics.pptx,9
Conformity,26,chapters/26-social-norms-and-conformity-when-other-people-become-evidence.qmd,Social proof is a cue; a cascade is a mechanism,True,BE-Aalborg/BE2026/BE02. Decision-Making Process.pptx,22
Social proof,26,chapters/26-social-norms-and-conformity-when-other-people-become-evidence.qmd,Social norms require a reference group,True,BE-Aalborg/BE2026/BE01. Intro to Behavioral Economics.pptx,25
Descriptive norm,26,chapters/26-social-norms-and-conformity-when-other-people-become-evidence.qmd,Social norms require a reference group,True,DPN-Aalborg/DPN04. Influence & Persuasion.pptx,21
Injunctive norm,26,chapters/26-social-norms-and-conformity-when-other-people-become-evidence.qmd,Social norms require a reference group,True,DPN-Aalborg/DPN04. Influence & Persuasion.pptx,21
Dynamic norm,26,chapters/26-social-norms-and-conformity-when-other-people-become-evidence.qmd,Social norms require a reference group,True,DPN-Aalborg/DPN04. Influence & Persuasion.pptx,88
Pluralistic ignorance,26,chapters/26-social-norms-and-conformity-when-other-people-become-evidence.qmd,Social proof is a cue; a cascade is a mechanism,True,,
False consensus,26,chapters/26-social-norms-and-conformity-when-other-people-become-evidence.qmd,Social proof is a cue; a cascade is a mechanism,True,DPN-Aalborg/DPN07. Communication & Connection.pptx,20
Information cascades,26,chapters/26-social-norms-and-conformity-when-other-people-become-evidence.qmd,"Conformity is an outcome, not a mechanism",True,BE-Aalborg/05 - Strategic and Social Decisions/21. Evolutionary Game Theory.pptx,53
Herding,26,chapters/26-social-norms-and-conformity-when-other-people-become-evidence.qmd,Social proof is a cue; a cascade is a mechanism,True,"BE-Aalborg/04 - Risk, Probability and Prospect Theory/08. Probability Judgment.pdf",5
Market efficiency,27,chapters/27-markets-mispricing-and-bubbles.qmd,The €20 note and three meanings of efficiency,True,BE-Aalborg/BE2026/BE06. Habits and Behavior Design.pptx,8
Efficient market hypothesis,27,chapters/27-markets-mispricing-and-bubbles.qmd,The €20 note and three meanings of efficiency,True,BE-Aalborg/BE2026/BE09. Behavioral Finance.pptx,2
Joint-hypothesis problem,27,chapters/27-markets-mispricing-and-bubbles.qmd,Every efficiency test is a joint test,True,,
Limits to arbitrage,27,chapters/27-markets-mispricing-and-bubbles.qmd,Evidence Boundary: an anomaly is not a mechanism or a trade,True,BE-Aalborg/BE2026/BE09. Behavioral Finance.pptx,1
Mispricing,27,chapters/27-markets-mispricing-and-bubbles.qmd,Limits to arbitrage: seeing an error is not enough,True,BE-Aalborg/BE2026/BE09. Behavioral Finance.pptx,2
Asset bubbles,27,chapters/27-markets-mispricing-and-bubbles.qmd,A two-direction bubble dashboard,True,BE-Aalborg/BE2026/BE01. Intro to Behavioral Economics.pptx,2
Greater-fool reasoning,27,chapters/27-markets-mispricing-and-bubbles.qmd,A two-direction bubble dashboard,True,DPN-Aalborg/Decision_Making_Enriched_Book.docx,
Synchronization risk,27,chapters/27-markets-mispricing-and-bubbles.qmd,A bubble is a reinforcing-process hypothesis,True,,
Momentum,27,chapters/27-markets-mispricing-and-bubbles.qmd,"Research Lens: five patterns, five open diagnoses {#research-lens-five-patterns-five-open-diagnoses-title}",True,BE-Aalborg/BE2026/BE09. Behavioral Finance.pptx,34
Investor overtrading,27,chapters/27-markets-mispricing-and-bubbles.qmd,A two-direction bubble dashboard,True,BE-Aalborg/BE2026/BE09. Behavioral Finance.pptx,2
Leverage,27,chapters/27-markets-mispricing-and-bubbles.qmd,A two-direction bubble dashboard,True,BE-Aalborg/BE2026/BE05. Heuristics & Biases.pptx,14
Systemic risk,27,chapters/27-markets-mispricing-and-bubbles.qmd,A two-direction bubble dashboard,True,"BE-Aalborg/Readings/01 - AI, Prediction and Complexity/Impact_ML_on_Econ_Summary.pptx",10
Short selling,27,chapters/27-markets-mispricing-and-bubbles.qmd,One laboratory market: a known risk-neutral benchmark can still be exceeded,True,"BE-Aalborg/06 - Time, Money and Finance/14. Asset Bubbles.pptx",40
Obedience,28,chapters/28-authority-groupthink-and-shared-responsibility.qmd,Authority and responsibility,True,BE-Aalborg/BE2026/BE06. Habits and Behavior Design.pptx,31
Authority,28,chapters/28-authority-groupthink-and-shared-responsibility.qmd,Diagnose the pathway,True,BE-Aalborg/BE2026/BE12. Mental Acounting.pptx,46
Bystander effect,28,chapters/28-authority-groupthink-and-shared-responsibility.qmd,Bystanders and pluralistic ignorance,True,BE-Aalborg/Readings/Instructor Notes/Replication Crisis References.docx,
Diffusion of responsibility,28,chapters/28-authority-groupthink-and-shared-responsibility.qmd,Diagnose the pathway,True,,
Groupthink,28,chapters/28-authority-groupthink-and-shared-responsibility.qmd,Authority and responsibility,True,DPN-Aalborg/additional topics/2026/DPN Comprehensive Synthesis Deck.pptx,12
Shared-information bias,28,chapters/28-authority-groupthink-and-shared-responsibility.qmd,Diagnose the pathway,True,BE-Aalborg/09 - Additional Topics/Existing Additional Topics/Behavioral Decision Theory additional.pptx,32
Group polarization,28,chapters/28-authority-groupthink-and-shared-responsibility.qmd,Opening / chapter overview,False,,
Psychological safety,28,chapters/28-authority-groupthink-and-shared-responsibility.qmd,Groupthink: a familiar but contested umbrella,True,DPN-Aalborg/DPN05. Distributive Negotiation.pptx,55
Culture,29,chapters/29-culture-and-identity-the-same-action-is-not-the-same-act.qmd,Research Lens: testing an honor mechanism {#research-lens-one-bounded-test-of-an-honor-mechanism},True,BE-Aalborg/BE2026/BE02. Decision-Making Process.pptx,29
Social identity,29,chapters/29-culture-and-identity-the-same-action-is-not-the-same-act.qmd,The culture-and-identity meaning audit,True,BE-Aalborg/BE2026/BE02. Decision-Making Process.pptx,9
Individualism,29,chapters/29-culture-and-identity-the-same-action-is-not-the-same-act.qmd,Lens 1: Which self or identity enters the decision?,True,DPN-Aalborg/DPN06. Integrative Negotiation.pptx,54
Collectivism,29,chapters/29-culture-and-identity-the-same-action-is-not-the-same-act.qmd,Lens 1: Which self or identity enters the decision?,True,DPN-Aalborg/DPN06. Integrative Negotiation.pptx,55
Analytic versus holistic cognition,29,chapters/29-culture-and-identity-the-same-action-is-not-the-same-act.qmd,Lens 1: Which self or identity enters the decision?,True,DPN-Aalborg/DPN06. Integrative Negotiation.pptx,42
Tightness-looseness,29,chapters/29-culture-and-identity-the-same-action-is-not-the-same-act.qmd,Lens 2: How tightly is deviation sanctioned?,True,,
Power distance,29,chapters/29-culture-and-identity-the-same-action-is-not-the-same-act.qmd,Lens 3: How do hierarchy and face filter information?,True,DPN-Aalborg/DPN06. Integrative Negotiation.pptx,54
Face culture,29,chapters/29-culture-and-identity-the-same-action-is-not-the-same-act.qmd,Research Lens: testing an honor mechanism {#research-lens-one-bounded-test-of-an-honor-mechanism},True,BE-Aalborg/BE2026/BE02. Decision-Making Process.pptx,35
Honor culture,29,chapters/29-culture-and-identity-the-same-action-is-not-the-same-act.qmd,Research Lens: testing an honor mechanism {#research-lens-one-bounded-test-of-an-honor-mechanism},True,DPN-Aalborg/DPN04. Influence & Persuasion.pptx,38
Dignity culture,29,chapters/29-culture-and-identity-the-same-action-is-not-the-same-act.qmd,Research Lens: testing an honor mechanism {#research-lens-one-bounded-test-of-an-honor-mechanism},True,BE-Aalborg/BE2026/BE01. Intro to Behavioral Economics.pptx,17
Big Five,29,chapters/29-culture-and-identity-the-same-action-is-not-the-same-act.qmd,Research Lens: personality is not culture or identity,True,"BE-Aalborg/02 - Attention, Heuristics and Biases/05. Biases.pptx",86
Personality traits,29,chapters/29-culture-and-identity-the-same-action-is-not-the-same-act.qmd,Research Lens: personality is not culture or identity,True,"BE-Aalborg/02 - Attention, Heuristics and Biases/05. Biases.pptx",86
WEIRD samples,29,chapters/29-culture-and-identity-the-same-action-is-not-the-same-act.qmd,Opening / chapter overview,False,"BE-Aalborg/04 - Risk, Probability and Prospect Theory/08. Probability Judgment.pptx",60
Persuasion,30,chapters/30-persuasion-changing-minds-means-updating-models.qmd,Resistance and reactance,True,BE-Aalborg/BE2026/BE02. Decision-Making Process.pptx,20
Source credibility,30,chapters/30-persuasion-changing-minds-means-updating-models.qmd,"Source, evidence, and stakes",True,DPN-Aalborg/DPN04. Influence & Persuasion.pptx,55
Ethos,30,chapters/30-persuasion-changing-minds-means-updating-models.qmd,"Source, evidence, and stakes",True,"BE-Aalborg/03 - Context, Habits and Choice Architecture/06&07. Contextual Influence.pptx",105
Logos,30,chapters/30-persuasion-changing-minds-means-updating-models.qmd,"Source, evidence, and stakes",True,"BE-Aalborg/03 - Context, Habits and Choice Architecture/06&07. Contextual Influence.pptx",106
Pathos,30,chapters/30-persuasion-changing-minds-means-updating-models.qmd,"Source, evidence, and stakes",True,DPN-Aalborg/05. Persuasion.pdf,3
Elaboration likelihood model,30,chapters/30-persuasion-changing-minds-means-updating-models.qmd,Two routes through a message,True,DPN-Aalborg/DPN04. Influence & Persuasion.pptx,89
Heuristic-systematic model,30,chapters/30-persuasion-changing-minds-means-updating-models.qmd,Two routes through a message,True,DPN-Aalborg/00. ARTS_model_of_influence_predictive_processing_4h_lecture_deck  -  Repaired.pptx,44
Sufficiency principle,30,chapters/30-persuasion-changing-minds-means-updating-models.qmd,Two routes through a message,True,DPN-Aalborg/00. ARTS_model_of_influence_predictive_processing_4h_lecture_deck  -  Repaired.pptx,44
Sleeper effect,30,chapters/30-persuasion-changing-minds-means-updating-models.qmd,"Source, evidence, and stakes",True,,
Fear appeals,30,chapters/30-persuasion-changing-minds-means-updating-models.qmd,"Source, evidence, and stakes",True,DPN-Aalborg/00. ARTS_model_of_influence_predictive_processing_4h_lecture_deck  -  Repaired.pptx,3
Reactance,30,chapters/30-persuasion-changing-minds-means-updating-models.qmd,Resistance and reactance,True,"BE-Aalborg/Readings/03 - Priming and Goal Setting/Priming, Subliminal Messaging, and Positive Thinking_ A Scientific Review and the Replication Crisis.docx",
Foot-in-the-door,30,chapters/30-persuasion-changing-minds-means-updating-models.qmd,"Small commitments, concessions, and self-persuasion {#commitment-and-self-persuasion}",True,DPN-Aalborg/DPN04. Influence & Persuasion.pptx,68
Door-in-the-face,30,chapters/30-persuasion-changing-minds-means-updating-models.qmd,"Small commitments, concessions, and self-persuasion {#commitment-and-self-persuasion}",True,DPN-Aalborg/DPN05. Distributive Negotiation.pptx,60
Self-persuasion,30,chapters/30-persuasion-changing-minds-means-updating-models.qmd,"Small commitments, concessions, and self-persuasion {#commitment-and-self-persuasion}",True,BE-Aalborg/01 - Foundations and Neuroscience/Anatomy of Decision.docx,
Commitment and consistency,30,chapters/30-persuasion-changing-minds-means-updating-models.qmd,From information transfer to model updating,True,BE-Aalborg/BE2026/BE02. Decision-Making Process.pptx,23
Reciprocity,30,chapters/30-persuasion-changing-minds-means-updating-models.qmd,"Influence cues are signals, not buttons",True,BE-Aalborg/BE2026/BE07&08. Behavioral Game Theory.pptx,3
Scarcity,30,chapters/30-persuasion-changing-minds-means-updating-models.qmd,"Influence cues are signals, not buttons",True,BE-Aalborg/BE2026/BE01. Intro to Behavioral Economics.pptx,13
Liking,30,chapters/30-persuasion-changing-minds-means-updating-models.qmd,"Influence cues are signals, not buttons",True,BE-Aalborg/BE2026/BE05. Heuristics & Biases.pptx,32
Unity,30,chapters/30-persuasion-changing-minds-means-updating-models.qmd,"Influence cues are signals, not buttons",True,BE-Aalborg/BE2026/BE02. Decision-Making Process.pptx,12
Narrative persuasion,31,chapters/31-why-stories-move-minds.qmd,Why facts alone can fail,True,DPN-Aalborg/00. ARTS_model_of_influence_predictive_processing_4h_lecture_deck  -  Repaired.pptx,101
Transportation,31,chapters/31-why-stories-move-minds.qmd,1. Attention and curiosity,True,DPN-Aalborg/DPN04. Influence & Persuasion.pptx,91
Identification,31,chapters/31-why-stories-move-minds.qmd,2. Identity and self-reference,True,"BE-Aalborg/02 - Attention, Heuristics and Biases/05. Biases.pptx",3
Self-reference,31,chapters/31-why-stories-move-minds.qmd,Four mechanisms of narrative persuasion,True,BE-Aalborg/BE02. Decision Making Process.pdf,42
Curiosity,31,chapters/31-why-stories-move-minds.qmd,Four mechanisms of narrative persuasion,True,BE-Aalborg/BE2026/BE06. Habits and Behavior Design.pptx,26
Information gap,31,chapters/31-why-stories-move-minds.qmd,Opening / chapter overview,False,DPN-Aalborg/DPN05. Distributive Negotiation.pptx,56
Identifiable victim,31,chapters/31-why-stories-move-minds.qmd,The power—and danger—of one {#the-powerand-dangerof-one},True,DPN-Aalborg/DPN04. Influence & Persuasion.pptx,91
Compassion and statistics,31,chapters/31-why-stories-move-minds.qmd,The power—and danger—of one {#the-powerand-dangerof-one},True,BE-Aalborg/BE2026/BE05. Heuristics & Biases.pptx,23
Narrative simulation,31,chapters/31-why-stories-move-minds.qmd,Four mechanisms of narrative persuasion,True,BE-Aalborg/BE2026/BE04. Two Systems of Thinking.pptx,23
Interbrain coupling,31,chapters/31-why-stories-move-minds.qmd,Research Lens: following the same story,True,DPN-Aalborg/DPN04. Influence & Persuasion.pptx,98
ABT,32,chapters/32-building-an-evidence-aligned-message.qmd,The STORY framework,True,DPN-Aalborg/DPN04. Influence & Persuasion.pptx,3
STORY,32,chapters/32-building-an-evidence-aligned-message.qmd,The STORY framework,True,BE-Aalborg/BE2026/BE02. Decision-Making Process.pptx,34
SUCCES,32,chapters/32-building-an-evidence-aligned-message.qmd,Ethical storytelling,True,BE-Aalborg/BE2026/BE01. Intro to Behavioral Economics.pptx,32
Narrative index,32,chapters/32-building-an-evidence-aligned-message.qmd,The STORY framework,True,DPN-Aalborg/DPN04. Influence & Persuasion.pptx,43
Audience model,32,chapters/32-building-an-evidence-aligned-message.qmd,The STORY framework,True,BE-Aalborg/BE2026/BE04. Two Systems of Thinking.pptx,18
Evidence-aligned message,32,chapters/32-building-an-evidence-aligned-message.qmd,The STORY framework,True,BE-Aalborg/BE2026/BE01. Intro to Behavioral Economics.pptx,29
Social value of sharing,32,chapters/32-building-an-evidence-aligned-message.qmd,Edit for clarity without confusing fluency with truth,True,DPN-Aalborg/DPN04. Influence & Persuasion.pptx,1
Common ground,33,chapters/33-communication-language-is-not-a-file-transfer.qmd,Communication is coordination and repair,True,DPN-Aalborg/DPN04. Influence & Persuasion.pptx,35
Pragmatic inference,33,chapters/33-communication-language-is-not-a-file-transfer.qmd,Communication is coordination and repair,True,BE-Aalborg/01 - Foundations and Neuroscience/02. Science of Decision-Making.pdf,66
Shared reality,33,chapters/33-communication-language-is-not-a-file-transfer.qmd,Learning goals,True,DPN-Aalborg/DPN04. Influence & Persuasion.pptx,35
Egocentric projection,33,chapters/33-communication-language-is-not-a-file-transfer.qmd,When your own view becomes the default,True,DPN-Aalborg/DPN07. Communication & Connection.pptx,19
Illusion of transparency,33,chapters/33-communication-language-is-not-a-file-transfer.qmd,When intention feels visible,True,DPN-Aalborg/DPN07. Communication & Connection.pptx,22
Illusion of understanding,33,chapters/33-communication-language-is-not-a-file-transfer.qmd,When intention feels visible,True,DPN-Aalborg/00. Active Inference.pptx,132
Perspective-taking,33,chapters/33-communication-language-is-not-a-file-transfer.qmd,Communication is coordination and repair,True,DPN-Aalborg/DPN07. Communication & Connection.pptx,35
Perspective-getting,33,chapters/33-communication-language-is-not-a-file-transfer.qmd,Communication is coordination and repair,True,DPN-Aalborg/DPN07. Communication & Connection.pptx,35
Listening feedback,33,chapters/33-communication-language-is-not-a-file-transfer.qmd,When your own view becomes the default,True,BE-Aalborg/BE2026/BE02. Decision-Making Process.pptx,2
Responsive listening,34,chapters/34-connection-and-repair-warm-honesty-makes-truth-usable.qmd,Diagnose the conversation before answering it,True,DPN-Aalborg/DPN07. Communication & Connection.pptx,6
Validation,34,chapters/34-connection-and-repair-warm-honesty-makes-truth-usable.qmd,Diagnose the conversation before answering it,True,DPN-Aalborg/DPN07. Communication & Connection.pptx,39
Deep conversation,34,chapters/34-connection-and-repair-warm-honesty-makes-truth-usable.qmd,Watch for the mismatch,True,BE-Aalborg/BE2026/BE07&08. Behavioral Game Theory.pptx,26
Appreciation,34,chapters/34-connection-and-repair-warm-honesty-makes-truth-usable.qmd,Two small practices that strengthen connection,True,DPN-Aalborg/DPN07. Communication & Connection.pptx,6
Warm honesty,34,chapters/34-connection-and-repair-warm-honesty-makes-truth-usable.qmd,Cross the net carefully,True,DPN-Aalborg/DPN07. Communication & Connection.pptx,63
Co-rumination,34,chapters/34-connection-and-repair-warm-honesty-makes-truth-usable.qmd,Support without trapping attention,True,DPN-Aalborg/DPN07. Communication & Connection.pptx,62
Apology,34,chapters/34-connection-and-repair-warm-honesty-makes-truth-usable.qmd,Constructive disagreement,True,DPN-Aalborg/DPN07. Communication & Connection.pptx,6
Forgiveness,34,chapters/34-connection-and-repair-warm-honesty-makes-truth-usable.qmd,Optional research note: forgiveness without surrendering judgment,True,DPN-Aalborg/DPN07. Communication & Connection.pptx,80
Ben Franklin effect,34,chapters/34-connection-and-repair-warm-honesty-makes-truth-usable.qmd,Two small practices that strengthen connection,True,DPN-Aalborg/DPN04. Influence & Persuasion.pptx,70
Social connection,34,chapters/34-connection-and-repair-warm-honesty-makes-truth-usable.qmd,Test the social forecast,True,BE-Aalborg/BE2026/BE03. Prediction and Expectation.pptx,43
Principled negotiation,35,chapters/35-negotiation-as-joint-decision-design.qmd,"Positions, interests, and issues",True,DPN-Aalborg/DPN05. Distributive Negotiation.pptx,13
Interests versus positions,35,chapters/35-negotiation-as-joint-decision-design.qmd,Replace performance myths with design questions,True,DPN-Aalborg/DPN05. Distributive Negotiation.pptx,13
Value creation versus claiming,35,chapters/35-negotiation-as-joint-decision-design.qmd,Replace performance myths with design questions,True,BE-Aalborg/BE2026/BE01. Intro to Behavioral Economics.pptx,15
Negotiation preparation,35,chapters/35-negotiation-as-joint-decision-design.qmd,Claiming and creating value,True,BE-Aalborg/BE2026/BE03. Prediction and Expectation.pptx,24
Negotiator's dilemma,35,chapters/35-negotiation-as-joint-decision-design.qmd,Claiming and creating value,True,BE-Aalborg/BE2026/BE02. Decision-Making Process.pptx,49
BATNA,36,chapters/36-preparing-and-claiming-value.qmd,A complete preparation test,True,DPN-Aalborg/DPN05. Distributive Negotiation.pptx,2
Reservation value,36,chapters/36-preparing-and-claiming-value.qmd,A complete preparation test,True,DPN-Aalborg/DPN05. Distributive Negotiation.pptx,2
Aspiration,36,chapters/36-preparing-and-claiming-value.qmd,A complete preparation test,True,BE-Aalborg/BE2026/BE05. Heuristics & Biases.pptx,17
ZOPA,36,chapters/36-preparing-and-claiming-value.qmd,A complete preparation test,True,DPN-Aalborg/DPN05. Distributive Negotiation.pptx,2
Bargaining surplus,36,chapters/36-preparing-and-claiming-value.qmd,A complete preparation test,True,BE-Aalborg/BE2026/BE12. Mental Acounting.pptx,7
First offers,36,chapters/36-preparing-and-claiming-value.qmd,2. Open: anchor only when you can defend the frame,True,DPN-Aalborg/DPN05. Distributive Negotiation.pptx,2
Precise offers,36,chapters/36-preparing-and-claiming-value.qmd,3. Respond: return to independent analysis,True,BE-Aalborg/BE2026/BE03. Prediction and Expectation.pptx,2
Range offers,36,chapters/36-preparing-and-claiming-value.qmd,2. Open: anchor only when you can defend the frame,True,BE-Aalborg/BE2026/BE01. Intro to Behavioral Economics.pptx,31
Reciprocal concessions,36,chapters/36-preparing-and-claiming-value.qmd,4. Move: make concessions carry information,True,DPN-Aalborg/DPN05. Distributive Negotiation.pptx,60
Bargaining power,36,chapters/36-preparing-and-claiming-value.qmd,Map the bargaining zone,True,BE-Aalborg/BE2026/BE04. Two Systems of Thinking.pptx,25
Deadlines,36,chapters/36-preparing-and-claiming-value.qmd,A complete preparation test,True,BE-Aalborg/BE2026/BE02. Decision-Making Process.pptx,11
Fixed-pie bias,37,chapters/37-creating-value-across-differences.qmd,Barriers to value creation,True,DPN-Aalborg/DPN05. Distributive Negotiation.pptx,2
Logrolling,37,chapters/37-creating-value-across-differences.qmd,An information strategy for creating and claiming value,True,DPN-Aalborg/00. ARTS_model_of_influence_predictive_processing_4h_lecture_deck  -  Repaired.pptx,67
Issue priorities,37,chapters/37-creating-value-across-differences.qmd,Barriers to value creation,True,BE-Aalborg/BE2026/BE02. Decision-Making Process.pptx,37
Pareto efficiency,37,chapters/37-creating-value-across-differences.qmd,Differences are opportunities,True,DPN-Aalborg/DPN06. Integrative Negotiation.pptx,4
Integrative bargaining,37,chapters/37-creating-value-across-differences.qmd,Opening / chapter overview,True,DPN-Aalborg/DPN05. Distributive Negotiation.pptx,9
Information exchange,37,chapters/37-creating-value-across-differences.qmd,Barriers to value creation,True,BE-Aalborg/BE2026/BE01. Intro to Behavioral Economics.pptx,15
Differences in risk preferences,37,chapters/37-creating-value-across-differences.qmd,Preparing across issues,True,BE-Aalborg/BE2026/BE01. Intro to Behavioral Economics.pptx,2
Differences in forecasts,37,chapters/37-creating-value-across-differences.qmd,Barriers to value creation,True,BE-Aalborg/BE2026/BE02. Decision-Making Process.pptx,9
MESO,38,chapters/38-designing-better-agreements.qmd,Add an advanced module only for a diagnosed problem,True,DPN-Aalborg/DPN06. Integrative Negotiation.pptx,14
Contingent contracts,38,chapters/38-designing-better-agreements.qmd,Add an advanced module only for a diagnosed problem,True,DPN-Aalborg/DPN06. Integrative Negotiation.pptx,4
Post-settlement settlements,38,chapters/38-designing-better-agreements.qmd,Add an advanced module only for a diagnosed problem,True,DPN-Aalborg/DPN06. Integrative Negotiation.pptx,21
Staged disclosure,38,chapters/38-designing-better-agreements.qmd,Add an advanced module only for a diagnosed problem,True,,
Asymmetric information,38,chapters/38-designing-better-agreements.qmd,Add an advanced module only for a diagnosed problem,True,BE-Aalborg/BE2026/BE01. Intro to Behavioral Economics.pptx,15
Lie detection,38,chapters/38-designing-better-agreements.qmd,Culture changes the meaning of a move,True,DPN-Aalborg/DPN06. Integrative Negotiation.pptx,4
Mediation,38,chapters/38-designing-better-agreements.qmd,Research Lens: when direct negotiation needs a third party,True,BE-Aalborg/BE2026/BE09. Behavioral Finance.pptx,56
Arbitration,38,chapters/38-designing-better-agreements.qmd,Research Lens: when direct negotiation needs a third party,True,DPN-Aalborg/DPN06. Integrative Negotiation.pptx,4
Process negotiation,38,chapters/38-designing-better-agreements.qmd,Start with a minimum viable agreement,True,BE-Aalborg/BE2026/BE01. Intro to Behavioral Economics.pptx,2
Implementation,38,chapters/38-designing-better-agreements.qmd,Ask before inferring,True,BE-Aalborg/BE2026/BE01. Intro to Behavioral Economics.pptx,32
B=MAP,39,chapters/39-behavior-design-make-the-better-action-easier.qmd,Research note: the ideas behind the workflow,True,BE-Aalborg/BE2026/BE06. Habits and Behavior Design.pptx,2
Implementation intentions,39,chapters/39-behavior-design-make-the-better-action-easier.qmd,Optional tools for a diagnosed bottleneck,True,BE-Aalborg/BE2026/BE06. Habits and Behavior Design.pptx,2
Mental contrasting,39,chapters/39-behavior-design-make-the-better-action-easier.qmd,Optional tools for a diagnosed bottleneck,True,BE-Aalborg/BE2026/BE06. Habits and Behavior Design.pptx,38
WOOP,39,chapters/39-behavior-design-make-the-better-action-easier.qmd,"Measure the loop, not the story",True,BE-Aalborg/BE2026/BE06. Habits and Behavior Design.pptx,2
Temptation bundling,39,chapters/39-behavior-design-make-the-better-action-easier.qmd,"Measure the loop, not the story",True,BE-Aalborg/BE2026/BE06. Habits and Behavior Design.pptx,41
Friction,39,chapters/39-behavior-design-make-the-better-action-easier.qmd,One primary workflow,True,BE-Aalborg/BE2026/BE06. Habits and Behavior Design.pptx,2
Prompts,39,chapters/39-behavior-design-make-the-better-action-easier.qmd,One primary workflow,True,BE-Aalborg/BE2026/BE01. Intro to Behavioral Economics.pptx,7
Habit discontinuity,39,chapters/39-behavior-design-make-the-better-action-easier.qmd,"Measure the loop, not the story",True,BE-Aalborg/BE2026/BE01. Intro to Behavioral Economics.pptx,35
Commitment devices,39,chapters/39-behavior-design-make-the-better-action-easier.qmd,"Measure the loop, not the story",True,BE-Aalborg/BE2026/BE02. Decision-Making Process.pptx,23
Nudges,40,chapters/40-choice-architecture-the-environment-gets-a-vote.qmd,From behavior design to choice architecture,True,DPN-Aalborg/DPN04. Influence & Persuasion.pptx,20
Defaults,40,chapters/40-choice-architecture-the-environment-gets-a-vote.qmd,"Ask, do not merely tell—but define the real choice",True,BE-Aalborg/BE2026/BE01. Intro to Behavioral Economics.pptx,33
Choice overload,40,chapters/40-choice-architecture-the-environment-gets-a-vote.qmd,"Construct the menu: options, order, and overload",True,"BE-Aalborg/02 - Attention, Heuristics and Biases/05. Biases.pptx",68
Active choice,40,chapters/40-choice-architecture-the-environment-gets-a-vote.qmd,"Ethics and governance: helping, steering, or manipulating?",True,BE-Aalborg/BE2026/BE06. Habits and Behavior Design.pptx,39
Sludge,40,chapters/40-choice-architecture-the-environment-gets-a-vote.qmd,"Simplification, friction, and sludge",True,DPN-Aalborg/00. ARTS_model_of_influence_predictive_processing_4h_lecture_deck  -  Repaired.pptx,4
Simplification,40,chapters/40-choice-architecture-the-environment-gets-a-vote.qmd,Make action feasible and feedback visible,True,"BE-Aalborg/06 - Time, Money and Finance/16. Intertemporal Decision-Making.pptx",41
Salience,40,chapters/40-choice-architecture-the-environment-gets-a-vote.qmd,Support action at the right moment,True,BE-Aalborg/BE2026/BE02. Decision-Making Process.pptx,22
Feedback,40,chapters/40-choice-architecture-the-environment-gets-a-vote.qmd,Close the loop: feedback and error-proofing,True,BE-Aalborg/BE2026/BE02. Decision-Making Process.pptx,2
Digital choice architecture,40,chapters/40-choice-architecture-the-environment-gets-a-vote.qmd,Worked example: subscription and cancellation sludge,True,DPN-Aalborg/DPN02. Attention_Prediction_Expectation.pptx,10
Dark patterns,40,chapters/40-choice-architecture-the-environment-gets-a-vote.qmd,Digital architecture operates at full-path scale,True,BE-Aalborg/BE2026/BE07. Strategic Interdependence.pptx,84
Welfare and autonomy,40,chapters/40-choice-architecture-the-environment-gets-a-vote.qmd,"Construct the menu: options, order, and overload",True,BE-Aalborg/BE2026/BE01. Intro to Behavioral Economics.pptx,31
Noise,41,chapters/41-decision-hygiene-build-a-process-that-can-learn.qmd,The final standard,True,BE-Aalborg/BE2026/BE03. Prediction and Expectation.pptx,43
Structured judgment,41,chapters/41-decision-hygiene-build-a-process-that-can-learn.qmd,"Why judgment systems fail: bias, noise, and misplaced intuition",True,DPN-Aalborg/Decision_Making_Enriched_Book.docx,
Independent judgment,41,chapters/41-decision-hygiene-build-a-process-that-can-learn.qmd,The structured judgment pipeline,True,DPN-Aalborg/Decision_Making_Enriched_Book.docx,
Aggregation,41,chapters/41-decision-hygiene-build-a-process-that-can-learn.qmd,"Preserve independence, then aggregate",True,BE-Aalborg/BE2026/BE12. Mental Acounting.pptx,41
Premortem,41,chapters/41-decision-hygiene-build-a-process-that-can-learn.qmd,The structured judgment pipeline,True,BE-Aalborg/BE2026/BE05. Heuristics & Biases.pptx,14
Red team,41,chapters/41-decision-hygiene-build-a-process-that-can-learn.qmd,The structured judgment pipeline,True,BE-Aalborg/01 - Foundations and Neuroscience/Anatomy of Decision.docx,
Decision journal,41,chapters/41-decision-hygiene-build-a-process-that-can-learn.qmd,After the outcome: learn without worshipping luck,True,BE-Aalborg/BE2026/BE02. Decision-Making Process.pptx,2
Algorithm aversion,41,chapters/41-decision-hygiene-build-a-process-that-can-learn.qmd,Research Lens: AI and accountable judgment,True,BE-Aalborg/01 - Foundations and Neuroscience/Active Inference  -  Repaired.pptx,15
Algorithm appreciation,41,chapters/41-decision-hygiene-build-a-process-that-can-learn.qmd,Opening / chapter overview,False,,
Human-AI judgment,41,chapters/41-decision-hygiene-build-a-process-that-can-learn.qmd,The final standard,True,BE-Aalborg/BE2026/BE01. Intro to Behavioral Economics.pptx,5
Forecasting tournament,41,chapters/41-decision-hygiene-build-a-process-that-can-learn.qmd,Diagnose before redesigning: run a noise audit,True,BE-Aalborg/BE2026/BE05. Heuristics & Biases.pptx,14
Predictive versus causal models,42,chapters/42-data-driven-decision-making.qmd,The AI decision canvas {#ai-decision-canvas},True,BE-Aalborg/BE2026/BE04. Two Systems of Thinking.pptx,9
Machine learning,42,chapters/42-data-driven-decision-making.qmd,Opening / chapter overview,True,DPN-Aalborg/DPN04. Influence & Persuasion.pptx,54
Out-of-sample validation,42,chapters/42-data-driven-decision-making.qmd,Make the test resemble the task,True,DPN-Aalborg/DPN07. Communication & Connection.pptx,39
Data leakage,42,chapters/42-data-driven-decision-making.qmd,Make the test resemble the task,True,DPN-Aalborg/additional topics/_Needs Classification/Strategic and Data-Driven Decision Making Synthesis Deck.pptx,36
Prediction target,42,chapters/42-data-driven-decision-making.qmd,Why this is the final chapter {#why-this-final-chapter},True,BE-Aalborg/BE2026/BE05. Heuristics & Biases.pptx,5
Feedback loops,42,chapters/42-data-driven-decision-making.qmd,Separate the forecast from the value of its consequences {#separate-prediction-and-valuation},True,BE-Aalborg/BE2026/BE02. Decision-Making Process.pptx,2
AI governance,42,chapters/42-data-driven-decision-making.qmd,Opening / chapter overview,False,"BE-Aalborg/Readings/01 - AI, Prediction and Complexity/Impact_ML_on_Econ_Summary.pptx",10
Causal experiment,42,chapters/42-data-driven-decision-making.qmd,"Trust, valuation, and responsibility {#trust-and-responsibility}",True,BE-Aalborg/BE2026/BE01. Intro to Behavioral Economics.pptx,6
Utility axioms,A,appendices/appendix-a-rational-choice-and-decision-analysis.qmd,"3. Consequences, beliefs, and expected utility {#consequences-beliefs-and-expected-utility}",True,"BE-Aalborg/04 - Risk, Probability and Prospect Theory/08. Probability Judgment.pptx",58
Completeness,A,appendices/appendix-a-rational-choice-and-decision-analysis.qmd,"3. Consequences, beliefs, and expected utility {#consequences-beliefs-and-expected-utility}",True,"BE-Aalborg/04 - Risk, Probability and Prospect Theory/08. Probability Judgment.pptx",42
Transitivity,A,appendices/appendix-a-rational-choice-and-decision-analysis.qmd,"3. Consequences, beliefs, and expected utility {#consequences-beliefs-and-expected-utility}",True,"BE-Aalborg/Readings/01 - AI, Prediction and Complexity/__From Perception to Choice_ Understanding the Dimensions of Decision Making__.docx",
Independence axiom,A,appendices/appendix-a-rational-choice-and-decision-analysis.qmd,"3. Consequences, beliefs, and expected utility {#consequences-beliefs-and-expected-utility}",True,DPN-Aalborg/DPN04. Influence & Persuasion.pptx,88
Decision tree,A,appendices/appendix-a-rational-choice-and-decision-analysis.qmd,"3. Consequences, beliefs, and expected utility {#consequences-beliefs-and-expected-utility}",True,BE-Aalborg/09 - Additional Topics/Existing Additional Topics/Behavioral Decision Theory additional.pptx,124
Expected-utility representation,A,appendices/appendix-a-rational-choice-and-decision-analysis.qmd,"3. Consequences, beliefs, and expected utility {#consequences-beliefs-and-expected-utility}",True,BE-Aalborg/BE2026/BE01. Intro to Behavioral Economics.pptx,16
Value of perfect information,A,appendices/appendix-a-rational-choice-and-decision-analysis.qmd,7. Value of information {#value-of-information},True,DPN-Aalborg/N4. Fairness in Negotiation.pdf,19
Proximate versus ultimate explanations,B,appendices/appendix-b-evolutionary-explanations-of-value-choice-and-rationality.qmd,"Four questions, not one master cause {#four-questions-not-one-cause}",True,BE-Aalborg/BE2026/BE02. Decision-Making Process.pptx,29
Evolutionary mismatch,B,appendices/appendix-b-evolutionary-explanations-of-value-choice-and-rationality.qmd,Heuristics can be tools and sources of bias {#heuristics-tools-and-biases},True,,
Maslow's hierarchy,B,appendices/appendix-b-evolutionary-explanations-of-value-choice-and-rationality.qmd,Needs and motives: Maslow and Kenrick {#maslow-and-kenrick},True,BE-Aalborg/09 - Additional Topics/Existing Additional Topics/146 Happiness.pdf,32
Kenrick's motives,B,appendices/appendix-b-evolutionary-explanations-of-value-choice-and-rationality.qmd,Needs and motives: Maslow and Kenrick {#maslow-and-kenrick},True,BE-Aalborg/BE2026/BE02. Decision-Making Process.pptx,28
Natural selection,B,appendices/appendix-b-evolutionary-explanations-of-value-choice-and-rationality.qmd,"Four questions, not one master cause {#four-questions-not-one-cause}",True,BE-Aalborg/BE2026/BE07&08. Behavioral Game Theory.pptx,84
Evolutionary game theory,B,appendices/appendix-b-evolutionary-explanations-of-value-choice-and-rationality.qmd,Population and spatial models,True,BE-Aalborg/05 - Strategic and Social Decisions/21. Evolutionary Game Theory.pptx,1
Evolutionarily stable strategy,B,appendices/appendix-b-evolutionary-explanations-of-value-choice-and-rationality.qmd,Population and spatial models,True,BE-Aalborg/05 - Strategic and Social Decisions/21. Evolutionary Game Theory.pptx,3
Replicator dynamics,B,appendices/appendix-b-evolutionary-explanations-of-value-choice-and-rationality.qmd,Population and spatial models,True,BE-Aalborg/05 - Strategic and Social Decisions/21. Evolutionary Game Theory.pptx,7
Schelling segregation,B,appendices/appendix-b-evolutionary-explanations-of-value-choice-and-rationality.qmd,Population and spatial models,True,BE-Aalborg/05 - Strategic and Social Decisions/21. Evolutionary Game Theory.pptx,33
Research question,E,appendices/appendix-e-how-behavioral-evidence-is-built.qmd,The experimental workflow,True,BE-Aalborg/08 - Research Methods/18. Formulate Research Questions.pptx,1
Operationalization,E,appendices/appendix-e-how-behavioral-evidence-is-built.qmd,Worked study: from question to report,True,DPN-Aalborg/DPN04. Influence & Persuasion.pptx,51
Hypothesis,E,appendices/appendix-e-how-behavioral-evidence-is-built.qmd,5. Choose the design that identifies the contrast,True,BE-Aalborg/BE2026/BE09. Behavioral Finance.pptx,2
Counterfactual,E,appendices/appendix-e-how-behavioral-evidence-is-built.qmd,"3. Separate description, prediction, causation, and mechanism",True,BE-Aalborg/08 - Research Methods/17. Conduct Research in Behavioral Economics.pptx,11
Confounding,E,appendices/appendix-e-how-behavioral-evidence-is-built.qmd,5. Choose the design that identifies the contrast,True,BE-Aalborg/08 - Research Methods/17. Conduct Research in Behavioral Economics.pptx,6
Random sampling,E,appendices/appendix-e-how-behavioral-evidence-is-built.qmd,5. Choose the design that identifies the contrast,True,BE-Aalborg/08 - Research Methods/17. Conduct Research in Behavioral Economics.pptx,26
Random assignment,E,appendices/appendix-e-how-behavioral-evidence-is-built.qmd,5. Choose the design that identifies the contrast,True,BE-Aalborg/08 - Research Methods/17. Conduct Research in Behavioral Economics.pptx,22
Within-subject design,E,appendices/appendix-e-how-behavioral-evidence-is-built.qmd,Worked study: from question to report,True,BE-Aalborg/BE2026/BE03. Prediction and Expectation.pptx,51
Between-subject design,E,appendices/appendix-e-how-behavioral-evidence-is-built.qmd,5. Choose the design that identifies the contrast,True,BE-Aalborg/BE2026/BE01. Intro to Behavioral Economics.pptx,31
Factorial design,E,appendices/appendix-e-how-behavioral-evidence-is-built.qmd,5. Choose the design that identifies the contrast,True,BE-Aalborg/08 - Research Methods/17. Conduct Research in Behavioral Economics.pptx,93
Field experiment,E,appendices/appendix-e-how-behavioral-evidence-is-built.qmd,5. Choose the design that identifies the contrast,True,BE-Aalborg/BE2026/BE01. Intro to Behavioral Economics.pptx,36
Incentives,E,appendices/appendix-e-how-behavioral-evidence-is-built.qmd,12. Transport the result only as far as the evidence travels,True,BE-Aalborg/BE2026/BE02. Decision-Making Process.pptx,16
Statistical power,E,appendices/appendix-e-how-behavioral-evidence-is-built.qmd,The experimental workflow,True,BE-Aalborg/BE2026/BE04. Two Systems of Thinking.pptx,25
Attrition,E,appendices/appendix-e-how-behavioral-evidence-is-built.qmd,The experimental workflow,True,BE-Aalborg/08 - Research Methods/25. Threats in Running Experiments.pptx,3
Noncompliance,E,appendices/appendix-e-how-behavioral-evidence-is-built.qmd,The one-page evidence design card,True,BE-Aalborg/08 - Research Methods/25. Threats in Running Experiments.pptx,9
Intention-to-treat,E,appendices/appendix-e-how-behavioral-evidence-is-built.qmd,8. Protect the assignment during implementation,True,BE-Aalborg/08 - Research Methods/25. Threats in Running Experiments.pptx,3
Local average treatment effect,E,appendices/appendix-e-how-behavioral-evidence-is-built.qmd,8. Protect the assignment during implementation,True,BE-Aalborg/08 - Research Methods/25. Threats in Running Experiments.pptx,3
Spillovers,E,appendices/appendix-e-how-behavioral-evidence-is-built.qmd,5. Choose the design that identifies the contrast,True,BE-Aalborg/08 - Research Methods/25. Threats in Running Experiments.pptx,3
Hawthorne effect,E,appendices/appendix-e-how-behavioral-evidence-is-built.qmd,8. Protect the assignment during implementation,True,BE-Aalborg/08 - Research Methods/17. Conduct Research in Behavioral Economics.pptx,33
John Henry effect,E,appendices/appendix-e-how-behavioral-evidence-is-built.qmd,8. Protect the assignment during implementation,True,BE-Aalborg/08 - Research Methods/17. Conduct Research in Behavioral Economics.pptx,33
Internal validity,E,appendices/appendix-e-how-behavioral-evidence-is-built.qmd,12. Transport the result only as far as the evidence travels,True,BE-Aalborg/08 - Research Methods/17. Conduct Research in Behavioral Economics.pptx,27
External validity,E,appendices/appendix-e-how-behavioral-evidence-is-built.qmd,12. Transport the result only as far as the evidence travels,True,BE-Aalborg/08 - Research Methods/17. Conduct Research in Behavioral Economics.pptx,16
Research ethics,E,appendices/appendix-e-how-behavioral-evidence-is-built.qmd,The experimental workflow,True,BE-Aalborg/BE2026/BE02. Decision-Making Process.pptx,23
Reproducible workflow,E,appendices/appendix-e-how-behavioral-evidence-is-built.qmd,The experimental workflow,True,BE-Aalborg/BE2026/BE02. Decision-Making Process.pptx,28
Replication,F,appendices/appendix-f-when-evidence-breaks.qmd,Safeguards and complementary checks {#safeguards-what-each-reform-can-and-cannot-do},True,BE-Aalborg/BE2026/BE03. Prediction and Expectation.pptx,44
Reproducibility,F,appendices/appendix-f-when-evidence-breaks.qmd,Find out what kind of check was performed {#four-questions-that-are-often-confused},True,BE-Aalborg/Readings/02 - Research Design and Replication/Experimental Studies and Replication Failures Across Disciplines.docx,
Publication bias,F,appendices/appendix-f-when-evidence-breaks.qmd,"Famous conclusions that became smaller, conditional, or different",True,"BE-Aalborg/03 - Context, Habits and Choice Architecture/06&07. Contextual Influence.pptx",60
Questionable research practices,F,appendices/appendix-f-when-evidence-breaks.qmd,"Honest error, questionable practice, and misconduct are not the same",True,"BE-Aalborg/Readings/03 - Priming and Goal Setting/Priming, Subliminal Messaging, and Positive Thinking_ A Scientific Review and the Replication Crisis.docx",
Preregistration,F,appendices/appendix-f-when-evidence-breaks.qmd,Safeguards and complementary checks {#safeguards-what-each-reform-can-and-cannot-do},True,BE-Aalborg/Readings/02 - Research Design and Replication/Experimental Studies and Replication Failures Across Disciplines.docx,
HARKing,F,appendices/appendix-f-when-evidence-breaks.qmd,Flexible analysis creates many paths to a result,True,"BE-Aalborg/Readings/03 - Priming and Goal Setting/Priming, Subliminal Messaging, and Positive Thinking_ A Scientific Review and the Replication Crisis.docx",
Multiple testing,F,appendices/appendix-f-when-evidence-breaks.qmd,Underpowered studies create a selection problem,True,DPN-Aalborg/additional topics/_Needs Classification/Strategic and Data-Driven Decision Making Synthesis Deck.pptx,84
Selective reporting,F,appendices/appendix-f-when-evidence-breaks.qmd,Opening / chapter overview,False,BE-Aalborg/Readings/02 - Research Design and Replication/Experimental Studies and Replication Failures Across Disciplines.docx,
Retraction,F,appendices/appendix-f-when-evidence-breaks.qmd,Safeguards and complementary checks {#safeguards-what-each-reform-can-and-cannot-do},True,BE-Aalborg/Readings/02 - Research Design and Replication/Experimental Studies and Replication Failures Across Disciplines.docx,
Expression of concern,F,appendices/appendix-f-when-evidence-breaks.qmd,What to do when you find a serious problem,True,,
Effect size,F,appendices/appendix-f-when-evidence-breaks.qmd,When a striking result becomes less convincing {#what-the-replication-crisis-doesand-does-notmean},True,"BE-Aalborg/03 - Context, Habits and Choice Architecture/06&07. Contextual Influence.pptx",60
Statistical significance,F,appendices/appendix-f-when-evidence-breaks.qmd,Opening / chapter overview,False,BE-Aalborg/08 - Research Methods/17. Conduct Research in Behavioral Economics.pptx,85
P-hacking,F,appendices/appendix-f-when-evidence-breaks.qmd,Flexible analysis creates many paths to a result,True,BE-Aalborg/08 - Research Methods/17. Conduct Research in Behavioral Economics.pptx,70
Type S error,F,appendices/appendix-f-when-evidence-breaks.qmd,Underpowered studies create a selection problem,True,,
Type M error,F,appendices/appendix-f-when-evidence-breaks.qmd,Underpowered studies create a selection problem,True,,
