source_id,source,units,topic,status,target,passage,disposition
BE-aa6fa610cea6,BE2026/BE06. Habits and Behavior Design.pptx,1–5,Opening/admin and roadmap,omitted-with-reason,,,Navigation and classroom setup; no standalone book claim.
BE-aa6fa610cea6,BE2026/BE06. Habits and Behavior Design.pptx,6–7,"Stale popcorn, cue dependence",already-covered,chapters/21-habits-wanting-and-self-control.qmd:99,[]{#the-popcorn-people-kept-eating},Existing passage directly develops the topic.
BE-aa6fa610cea6,BE2026/BE06. Habits and Behavior Design.pptx,8–10,"Habit definition, CIAO, formation curve",already-covered,chapters/21-habits-wanting-and-self-control.qmd:73,## How habits form,Existing passage directly develops the topic.
BE-aa6fa610cea6,BE2026/BE06. Habits and Behavior Design.pptx,11,Wanting versus liking,already-covered,chapters/21-habits-wanting-and-self-control.qmd:115,"## Wanting, liking, and reward learning {#wanting-can-outlast-liking}",Existing passage directly develops the topic.
BE-aa6fa610cea6,BE2026/BE06. Habits and Behavior Design.pptx,12,Nigrostriatal dopamine lesion and devaluation,added,chapters/21-habits-wanting-and-self-control.qmd:345,"Faure and colleagues (2005) made the last distinction concrete. Rats learned cued actions for food rewards and received extended training. Before testing, the researchers reduced a reward's value by allowing the rats to consume it to satiety. Control rats continued pressing a lever relatively indepe",Added a developed example with explicit evidence limits.
BE-aa6fa610cea6,BE2026/BE06. Habits and Behavior Design.pptx,13–15,Prediction errors and uncertain rewards,already-covered,chapters/21-habits-wanting-and-self-control.qmd:143,### Learning from reward prediction errors {#dopamine-anticipation-and-effort},Existing passage directly develops the topic.
BE-aa6fa610cea6,BE2026/BE06. Habits and Behavior Design.pptx,16–17,Willpower/Stroop,omitted-with-reason,,,Cross-range foundations and behavior-design chapters own these comparisons; not another trait account in Ch21.
BE-aa6fa610cea6,BE2026/BE06. Habits and Behavior Design.pptx,18–21,"Flight duration, availability and smoking urges",already-covered,chapters/21-habits-wanting-and-self-control.qmd:195,### Anticipating an opportunity to act {#smoking-opportunity-and-craving},Existing passage directly develops the topic.
BE-aa6fa610cea6,BE2026/BE06. Habits and Behavior Design.pptx,22–24,BRAIN and compassionate recovery,already-covered,chapters/21-habits-wanting-and-self-control.qmd:273,### Observe an urge with BRAIN {#observing-an-urge-with-brain},Existing passage directly develops the topic.
BE-aa6fa610cea6,BE2026/BE06. Habits and Behavior Design.pptx,25–48,"Ego depletion, Fogg, COM-B, implementation and habit discontinuity",omitted-with-reason,,,Behavior-design material routed to Chapters39–40 owner; Ch21 already links action design.
BE-aa6fa610cea6,BE2026/BE06. Habits and Behavior Design.pptx,49–55,"Administrative examples, defensive reply and clips",omitted-with-reason,,,Administrative material and behavior-design demonstrations; cross-range owner notified.
BE-aa6fa610cea6,BE2026/BE06. Habits and Behavior Design.pptx,56–58;61–62,Reward learning and delayed progress supplementary material,already-covered,chapters/21-habits-wanting-and-self-control.qmd:354,"## Research Lens: delay, progress, and continued effort",Existing passage directly develops the topic.
BE-aa6fa610cea6,BE2026/BE06. Habits and Behavior Design.pptx,59–60;64;66–68,Design/COM-B supplements and classroom administration,omitted-with-reason,,,Handled by behavior-design owner; no empirical study imported from a video or slide instruction.
BE-aa6fa610cea6,BE2026/BE06. Habits and Behavior Design.pptx,63;65,Marshmallow and temptation bundling,already-covered,chapters/20-intertemporal-decision-making.qmd:233,## Scarcity and trust: when now is rational,Existing passage directly develops the topic.
BE-aa6fa610cea6,BE2026/BE06. Habits and Behavior Design.pptx,69–72,Reference slides,omitted-with-reason,,,"Source bibliography used as leads, not copied wholesale."
BE-454e270788ba,BE2026/BE07. Strategic Interdependence.pptx,1–5,Setup/roadmap,omitted-with-reason,,,Administrative.
BE-454e270788ba,BE2026/BE07. Strategic Interdependence.pptx,6–10;13,"Faces, matching incentives, resale beliefs and Keynes",already-covered,chapters/23-strategic-interdependence.qmd:46,## Separating preference from prediction {#two-beauty-contests},Existing passage directly develops the topic.
BE-454e270788ba,BE2026/BE07. Strategic Interdependence.pptx,11,GameStop and short covering,added,chapters/27-markets-mispricing-and-bubbles.qmd:264,### GameStop: anticipating another trader's constraints {#gamestop-and-short-covering},Added a developed example with explicit evidence limits.
BE-454e270788ba,BE2026/BE07. Strategic Interdependence.pptx,12,Bitcoin prices and intrinsic-value assertion,omitted-with-reason,,,No contemporary prices or blanket zero-fundamental-value inference imported; distinct valuation frameworks would require additional development.
BE-454e270788ba,BE2026/BE07. Strategic Interdependence.pptx,14–18,Odense meeting and focal points,already-covered,chapters/23-strategic-interdependence.qmd:36,## Coordinating through shared expectations {#finding-each-other-in-odense},Existing passage directly develops the topic.
BE-454e270788ba,BE2026/BE07. Strategic Interdependence.pptx,19,1966 red-light history,omitted-with-reason,,,Historical detail unverified; adds little to already developed convention mechanism.
BE-454e270788ba,BE2026/BE07. Strategic Interdependence.pptx,20–29,"Guessing game, level-k and cognitive hierarchy",strengthened,chapters/23-strategic-interdependence.qmd:178,[]{#cognitive-hierarchy-best-respond-to-a-mixture},Added numerical step-2 mixture versus level-2 contrast; retained participant-pool/neural caveats. Untraceable local/FT numbers not imported.
BE-454e270788ba,BE2026/BE07. Strategic Interdependence.pptx,30–33,Market timing and resale coordination,already-covered,chapters/27-markets-mispricing-and-bubbles.qmd:245,### How resale expectations can sustain a boom and crash {#strategic-resale-and-synchronization-risk},Existing passage directly develops the topic.
BE-454e270788ba,BE2026/BE07. Strategic Interdependence.pptx,34–44,"Players, actions, payoffs, best response and Nash",already-covered,chapters/24-coordination-and-focal-points.qmd:51,[]{#reading-a-payoff-matrix},Existing passage directly develops the topic.
BE-454e270788ba,BE2026/BE07. Strategic Interdependence.pptx,45,Optional separator,omitted-with-reason,,,Navigation.
BE-454e270788ba,BE2026/BE07. Strategic Interdependence.pptx,46–53,"Prisoner dilemma, public goods, social versus private incentives",already-covered,chapters/25-cooperation-and-social-preferences.qmd:36,## When cooperation invites exploitation,Existing passage directly develops the topic.
BE-454e270788ba,BE2026/BE07. Strategic Interdependence.pptx,54–55,Cigarette-ban profits and flying-wedge history,omitted-with-reason,,,Unverified profit attribution and historical sports claim; do not import them as causal evidence. The payoff mechanism is retained in generic matrix analysis.
BE-454e270788ba,BE2026/BE07. Strategic Interdependence.pptx,56–70,"Repeated games, TFT, reputation, Golden Balls",already-covered,chapters/25-cooperation-and-social-preferences.qmd:110,### Reciprocity needs a way to repair mistakes {#tit-for-tat-forgiveness-and-noise},"Existing discussion distinguishes noise, weak dilemma, reputation and one-shot generosity. Price-matching legal generalizations not imported."
BE-454e270788ba,BE2026/BE07. Strategic Interdependence.pptx,71,MrBeast clip,omitted-with-reason,,,"Entertainment illustration, not research evidence; no unique explanatory gain."
BE-454e270788ba,BE2026/BE07. Strategic Interdependence.pptx,72–75,QWERTY/path dependence,already-covered,chapters/24-coordination-and-focal-points.qmd:202,## How a convention becomes difficult to leave {#conventions-and-path-dependence},Existing caveat avoids declaring historical keyboard inefficiency proven.
BE-454e270788ba,BE2026/BE07. Strategic Interdependence.pptx,76–77,"Standards, units and plugs",strengthened,chapters/24-coordination-and-focal-points.qmd:210,"Compatibility can also preserve a physical standard. A train built for one track gauge cannot simply run across a different gauge, and an appliance plug may need an adapter abroad. Such examples identify conversion costs directly. They do not establish that the original standard was inferior or that",Added concrete coordination/conversion costs; no claim that inherited standard was originally inferior.
BE-454e270788ba,BE2026/BE07. Strategic Interdependence.pptx,78–81,Stag hunt and payoff/risk dominance,already-covered,chapters/24-coordination-and-focal-points.qmd:154,## When the better outcome feels too risky {#strategic-uncertainty-the-stag-hunt},Existing passage directly develops the topic.
BE-454e270788ba,BE2026/BE07. Strategic Interdependence.pptx,82–84,3DO hardware/software complementarity,strengthened,chapters/24-coordination-and-focal-points.qmd:208,The same dependence can arise between different groups. A new game console is attractive to customers when many games are available; developing games is attractive when many customers own the console. A technically impressive machine can struggle because each side waits for the other. A manufacturer,Adapted as an explicitly generic console/customer/developer coordination example; historical brand narrative not asserted.
BE-454e270788ba,BE2026/BE07. Strategic Interdependence.pptx,85–90,"Mixed motives, chicken, volunteer, battle of sexes, commitment",already-covered,chapters/24-coordination-and-focal-points.qmd:220,## Coordinating when interests differ {#mixed-motives-and-compatible-claims},Existing text separates game structures instead of treating every multiple-equilibrium game as pure coordination.
BE-454e270788ba,BE2026/BE07. Strategic Interdependence.pptx,91–95,Local game outcomes,omitted-with-reason,,,Raw data/cohort/source not established; not reused as general empirical evidence.
BE-454e270788ba,BE2026/BE07. Strategic Interdependence.pptx,96,Risk and stag-hunt thresholds,already-covered,chapters/24-coordination-and-focal-points.qmd:178,## Mathematical analysis: the stag-hunt confidence threshold,Existing passage directly develops the topic.
BE-454e270788ba,BE2026/BE07. Strategic Interdependence.pptx,97,Princess Bride reasoning illustration,already-covered,chapters/23-strategic-interdependence.qmd:100,The [poisoned-goblet scene from *The Princess Bride*](https://youtu.be/0sPVEBAtwmg) makes this vulnerability memorable: each additional “I think that you think” rests on assumptions about the opponent. More reasoning cannot rescue a mistaken premise merely by extending it.,Existing passage directly develops the topic.
BE-454e270788ba,BE2026/BE07. Strategic Interdependence.pptx,98–154,Repeated supplementary game examples,already-covered,chapters/23-strategic-interdependence.qmd:116,## When do choices fit together? {#equilibrium-when-choices-fit-together},"Same mechanisms recur: price-war and equilibrium Ch24, cooperation Ch25, focal conventions Ch24. This block repeats main material, not 57 independent studies."
BE-454e270788ba,BE2026/BE07. Strategic Interdependence.pptx,155–164,"Summary, history and biography",omitted-with-reason,,,Summary already represented; submarine history not verified; Fisher/Ury and negotiation routed to negotiation owner.
BE-454e270788ba,BE2026/BE07. Strategic Interdependence.pptx,165–169,"All-pay escalation, winner curse, acquisition externality",strengthened,chapters/23-strategic-interdependence.qmd:214,[]{#research-lens-the-50-auction-and-competitive-escalation},Added quit/bid arithmetic and conditional rival-acquisition value; separates escalation from rational strategic value.
BE-454e270788ba,BE2026/BE07. Strategic Interdependence.pptx,170,1995 airline auction story,omitted-with-reason,,,Unverified historical figures; numerical invented acquisition example develops the point without asserting them.
BE-454e270788ba,BE2026/BE07. Strategic Interdependence.pptx,171–172,Repeated coordination and Golden Balls,already-covered,chapters/25-cooperation-and-social-preferences.qmd:150,"A televised choice brings reputation, prior interaction, and immediate incentives together. The game *Golden Balls* ended with contestants choosing Split or Steal for large and widely varying prizes. Stealing could secure the whole prize against a partner who split; splitting exposed a contestant to",Existing passage directly develops the topic.
BE-454e270788ba,BE2026/BE07. Strategic Interdependence.pptx,173–175,Poll instruction and blank slides,omitted-with-reason,,,Not book material or instructions to the editor.
BE-df209c6ff27e,BE2026/BE09. Asset Bubbles.pptx,1–9,Fundamental value and discounting,already-covered,chapters/27-markets-mispricing-and-bubbles.qmd:187,## What gives an asset fundamental value?,Existing passage directly develops the topic.
BE-df209c6ff27e,BE2026/BE09. Asset Bubbles.pptx,10–13,Bubble mechanism and narrative cycle,already-covered,chapters/27-markets-mispricing-and-bubbles.qmd:227,## How feedback can sustain a price bubble {#a-bubble-is-a-reinforcing-process-hypothesis},Existing passage directly develops the topic.
BE-df209c6ff27e,BE2026/BE09. Asset Bubbles.pptx,14–18,"Tulips, Newton, dotcom, housing",already-covered,chapters/27-markets-mispricing-and-bubbles.qmd:272,"## Historical bubbles: recurring feedback, different institutions",Existing passage directly develops the topic.
BE-df209c6ff27e,BE2026/BE09. Asset Bubbles.pptx,19,Selected country2008 returns,omitted-with-reason,,,Exact sample/time provenance not established; no extra historical return table needed.
BE-df209c6ff27e,BE2026/BE09. Asset Bubbles.pptx,20–25,Valuation ambiguity and laboratory benchmark,already-covered,chapters/27-markets-mispricing-and-bubbles.qmd:340,### A finite-lived asset and a declining benchmark,Existing passage directly develops the topic.
BE-df209c6ff27e,BE2026/BE09. Asset Bubbles.pptx,26,304-trader call market,already-covered,chapters/27-markets-mispricing-and-bubbles.qmd:348,"Bubble-like paths are not confined to groups of a dozen participants. Williams (2008) reports large computerized classroom markets, including one with 304 traders that exhibited a substantial boom and crash. Adding traders therefore does not automatically create independent judgments or eliminate fe",Existing passage directly develops the topic.
BE-df209c6ff27e,BE2026/BE09. Asset Bubbles.pptx,27,Overlapping generations,already-covered,chapters/27-markets-mispricing-and-bubbles.qmd:382,"Repeated experience often reduces bubbles in the same environment (Dufwenberg et al., 2005). That finding is more specific than saying that markets inevitably learn. Hussam et al. (2008) rekindled bubbles among experienced traders after changing liquidity and dividend uncertainty. Deck et al. (2014)",Existing passage directly develops the topic.
BE-df209c6ff27e,BE2026/BE09. Asset Bubbles.pptx,28,Archived six-period classroom curve,omitted-with-reason,,,Cohort and stopping rule unverified; 10-payment benchmark does not become 6-period expiry.
BE-df209c6ff27e,BE2026/BE09. Asset Bubbles.pptx,29–30,Flat fundamental values,already-covered,chapters/27-markets-mispricing-and-bubbles.qmd:350,### Bubbles with a constant fundamental-value benchmark {#flat-fundamentals-the-bubble-is-not-just-a-falling-value-task},Existing passage directly develops the topic.
BE-df209c6ff27e,BE2026/BE09. Asset Bubbles.pptx,31–33,"Credit, experience and forecasts",already-covered,chapters/27-markets-mispricing-and-bubbles.qmd:380,"### Experience, liquidity, and trading rules change the result",Existing passage directly develops the topic.
BE-df209c6ff27e,BE2026/BE09. Asset Bubbles.pptx,34–36,Market gender composition and context,already-covered,chapters/27-markets-mispricing-and-bubbles.qmd:430,[]{#gender-context-and-a-distinct-hormonal-intervention},Existing passage directly develops the topic.
BE-df209c6ff27e,BE2026/BE09. Asset Bubbles.pptx,37–38,Behavioral strategy classification,already-covered,chapters/27-markets-mispricing-and-bubbles.qmd:407,## Classification details,"Portraits are mnemonic, not sampled traders; TableVI categories are not simulation frequencies."
BE-df209c6ff27e,BE2026/BE09. Asset Bubbles.pptx,39–41,Synthesis and references,omitted-with-reason,,,Source checking/navigation.
BE-df209c6ff27e,BE2026/BE09. Asset Bubbles.pptx,42–44,Valuation confidence and historical crashes,already-covered,chapters/27-markets-mispricing-and-bubbles.qmd:332,[]{#a-crash-does-not-settle-the-bubble-diagnosis},Existing passage directly develops the topic.
BE-df209c6ff27e,BE2026/BE09. Asset Bubbles.pptx,45,Flash-crash image,omitted-with-reason,,,Intraday market-structure mechanism would need separate verified development; generic crashes already distinguished from bubbles.
BE-df209c6ff27e,BE2026/BE09. Asset Bubbles.pptx,46–50,"Asset promises, model diagnostics, lottery asset",already-covered,chapters/27-markets-mispricing-and-bubbles.qmd:422,### Payoffs and participants shape market behavior {#lottery-payoffs-and-cognitive-reflection},Existing passage directly develops the topic.
BE-df209c6ff27e,BE2026/BE09. Asset Bubbles.pptx,51,Unattributed hypothetical price path,omitted-with-reason,,,No provenance for observed curve; book already computes published-design benchmark.
BE-df209c6ff27e,BE2026/BE09. Asset Bubbles.pptx,52,Liquidity and activity,already-covered,chapters/27-markets-mispricing-and-bubbles.qmd:380,"### Experience, liquidity, and trading rules change the result",Existing passage directly develops the topic.
BE-df209c6ff27e,BE2026/BE09. Asset Bubbles.pptx,53,Selected1929 stock returns,omitted-with-reason,,,Selection/sample dates insufficiently documented; no causal diagnosis from winners list.
BE-df209c6ff27e,BE2026/BE09. Asset Bubbles.pptx,54–55;60–61,CAPE and liquidity ratios,already-covered,chapters/27-markets-mispricing-and-bubbles.qmd:444,## Evaluating competing explanations for a boom {#a-two-direction-bubble-dashboard},Existing passage directly develops the topic.
BE-df209c6ff27e,BE2026/BE09. Asset Bubbles.pptx,56–59,Palm repetition,already-covered,chapters/27-markets-mispricing-and-bubbles.qmd:179,[]{#the-palm3com-case-visible-inconsistency-costly-correction},Existing passage directly develops the topic.
BE-ca377271f9ab,PDF topics 2026/BE11. Risky Decision-Making.pdf,1–4,Setup,omitted-with-reason,,,Administrative.
BE-ca377271f9ab,PDF topics 2026/BE11. Risky Decision-Making.pdf,5–7,"Expected value, roulette, St Petersburg",already-covered,chapters/16-risk-and-uncertainty.qmd:343,## Mathematical analysis: the St Petersburg puzzle {#optional-theory-lens-the-st-petersburg-puzzle},Existing passage directly develops the topic.
BE-ca377271f9ab,PDF topics 2026/BE11. Risky Decision-Making.pdf,8–17,"Expected utility, CE, insurance",already-covered,chapters/16-risk-and-uncertainty.qmd:114,### Certainty equivalents and risk premia,Existing passage directly develops the topic.
BE-ca377271f9ab,PDF topics 2026/BE11. Risky Decision-Making.pdf,18–28,Risk elicitation tasks,strengthened,chapters/16-risk-and-uncertainty.qmd:372,"Holt and Laury's (2002) multiple-price-list design, Eckel and Grossman's (2008) ordered gambles, and the bomb task of Crosetto and Filippin (2013) are all useful. They are not interchangeable rulers. Reviews and direct comparisons find that classifications can vary substantially across elicitation m",Added actual first-study payoff comparison and risk-neutral switch; class results not generalized.
BE-ca377271f9ab,PDF topics 2026/BE11. Risky Decision-Making.pdf,29–31,Insurance and lottery purchase,already-covered,chapters/16-risk-and-uncertainty.qmd:158,[]{#why-do-people-buy-insurance-and-lottery-tickets},Simultaneous purchase alone is not proof that EU is logically violated.
BE-ca377271f9ab,PDF topics 2026/BE11. Risky Decision-Making.pdf,32–33,Allais,already-covered,chapters/16-risk-and-uncertainty.qmd:163,## The Allais paradox: certainty and the independence axiom {#the-allais-pattern-certainty-does-not-cancel-cleanly},Existing passage directly develops the topic.
BE-ca377271f9ab,PDF topics 2026/BE11. Risky Decision-Making.pdf,34,Reference-point puzzle,already-covered,chapters/17-prospect-theory.qmd:49,### Reference dependence: the zero is psychologically constructed,Existing passage directly develops the topic.
BE-ca377271f9ab,PDF topics 2026/BE11. Risky Decision-Making.pdf,35–36,Disease framing,omitted-with-reason,,,Already assigned to Chapter12 owner; Ch17 links that developed case.
BE-ca377271f9ab,PDF topics 2026/BE11. Risky Decision-Making.pdf,37–44,Ellsberg and summary,already-covered,chapters/16-risk-and-uncertainty.qmd:183,## The Ellsberg urn: choosing with unknown probabilities {#the-ellsberg-urn-risk-is-not-ambiguity},Existing passage directly develops the topic.
BE-30ea0725c341,PDF topics 2026/BE12. Prospect Theory.pdf,1–2,Setup,omitted-with-reason,,,Administrative.
BE-30ea0725c341,PDF topics 2026/BE12. Prospect Theory.pdf,3–7,"Fourfold pattern, reference and neural loss-aversion evidence",already-covered,chapters/17-prospect-theory.qmd:191,## Measuring loss aversion {#loss-aversion-influential-measurable-and-bounded},Existing passage directly develops the topic.
BE-30ea0725c341,PDF topics 2026/BE12. Prospect Theory.pdf,8–9,Capuchin loss aversion and evolutionary story,omitted-with-reason,,,Animal choice contrast alone does not isolate human loss-aversion mechanism; comparative fairness already bounded in Ch25.
BE-30ea0725c341,PDF topics 2026/BE12. Prospect Theory.pdf,10–12,Olympic medalists,already-covered,chapters/17-prospect-theory.qmd:55,"Counterfactuals make this visible. Olympic bronze medalists can compare their result with no medal, while silver medalists can compare theirs with gold. Medvec, Madey, and Gilovich (1995) found facial and interview evidence consistent with bronze medalists sometimes expressing greater satisfaction t",Existing passage directly develops the topic.
BE-30ea0725c341,PDF topics 2026/BE12. Prospect Theory.pdf,13–19,"Endowment, ownership, IKEA and status quo",already-covered,chapters/17-prospect-theory.qmd:236,### Endowment effects: how ownership changes valuation {#endowment-effects-giving-up-is-not-the-same-as-owning},Core mechanisms and market-experience contrast retained; primate and forecast-ownership variants omitted to avoid repetitive unverified subexamples.
BE-30ea0725c341,PDF topics 2026/BE12. Prospect Theory.pdf,20–26,"Model, framing and hedonic editing",already-covered,chapters/17-prospect-theory.qmd:47,## The prospect-theory model,Existing passage directly develops the topic.
BE-30ea0725c341,PDF topics 2026/BE12. Prospect Theory.pdf,27,Equal five-percentage-point changes,added,chapters/17-prospect-theory.qmd:114,"Compare four improvements in the chance of receiving the same prize: from 0% to 5%, from 5% to 10%, from 60% to 65%, and from 95% to 100%. Each adds five percentage points, and expected utility assigns the same increment when the prize and alternative outcome are fixed. Probability weighting can mak",Added a developed example with explicit evidence limits.
BE-30ea0725c341,PDF topics 2026/BE12. Prospect Theory.pdf,28–30,Fourfold gain/loss behavior,already-covered,chapters/17-prospect-theory.qmd:146,[]{#the-fourfold-pattern-of-risk-attitudes},Existing passage directly develops the topic.
BE-30ea0725c341,PDF topics 2026/BE12. Prospect Theory.pdf,31,Drug-dealer and entrepreneur earnings anecdote,omitted-with-reason,,,Unspecified evidence/selection; not proof of a specific preference mechanism.
BE-30ea0725c341,PDF topics 2026/BE12. Prospect Theory.pdf,32–33,Summary,omitted-with-reason,,,Covered by main chapter synthesis.
BE-1b4df32f5edd,PDF topics 2026/BE13. Intertemporal Decision-Making.pdf,1–2;15;30;40,Setup/separators/summary,omitted-with-reason,,,Navigation.
BE-1b4df32f5edd,PDF topics 2026/BE13. Intertemporal Decision-Making.pdf,3–8,Delay comparisons and country patience,already-covered,chapters/20-intertemporal-decision-making.qmd:165,### What did the patience task identify?,Existing passage directly develops the topic.
BE-1b4df32f5edd,PDF topics 2026/BE13. Intertemporal Decision-Making.pdf,9–14,Interest and compounding,already-covered,chapters/20-intertemporal-decision-making.qmd:325,## Mathematical analysis: interest and discounting {#interest-compounds-discounting-runs-the-calculation-backward},Existing passage directly develops the topic.
BE-1b4df32f5edd,PDF topics 2026/BE13. Intertemporal Decision-Making.pdf,16–23,Discount functions and neural interpretations,already-covered,chapters/20-intertemporal-decision-making.qmd:66,## Mathematical analysis: discounted utility and the plotted models,Existing passage directly develops the topic.
BE-1b4df32f5edd,PDF topics 2026/BE13. Intertemporal Decision-Making.pdf,24–26,Language and future behavior,added,chapters/20-intertemporal-decision-making.qmd:157,### Does the language of the future change saving? {#language-and-future-oriented-behavior},"Added Chen2013 with Roberts2015 cultural-dependence robustness limits, not a causal grammar prescription."
BE-1b4df32f5edd,PDF topics 2026/BE13. Intertemporal Decision-Making.pdf,27,Future-self avatar,already-covered,chapters/20-intertemporal-decision-making.qmd:201,### Giving the future self a face {#age-progressed-future-self},Existing passage directly develops the topic.
BE-1b4df32f5edd,PDF topics 2026/BE13. Intertemporal Decision-Making.pdf,28–29,Anticipatory utility and dread,already-covered,chapters/22-deciding-for-a-better-life.qmd:111,The value of a holiday can begin even earlier. Looking forward to it may make an ordinary working day more pleasant; dreading a difficult event may make the waiting period painful. Loewenstein's (1987) account of **anticipatory utility** explains how savoring and dread can affect preferences over wh,Anticipatory utility developed with Loewenstein1987. Berns pain experiment not separately added: distinct neural/aversive mechanism would need fuller development.
BE-1b4df32f5edd,PDF topics 2026/BE13. Intertemporal Decision-Making.pdf,31–34,"Self-control, marshmallow and development",already-covered,chapters/20-intertemporal-decision-making.qmd:233,## Scarcity and trust: when now is rational,Longitudinal associations do not establish trait-only causation; brain two-system literalism not imported.
BE-1b4df32f5edd,PDF topics 2026/BE13. Intertemporal Decision-Making.pdf,35–39,Commitment and deadlines,already-covered,chapters/20-intertemporal-decision-making.qmd:285,### Commitment devices: evidence and application {#evidence-update-commitment-devices-require-current-evidence},Existing retraction update retained. Hugo/brick-house anecdotes omitted without verification of mechanism.
BE-97e8c87ade0d,PDF topics 2026/BE14. Decision making from expereience.pdf,1–7,Description versus sampling,already-covered,chapters/18-decisions-from-experience.qmd:35,## Description and experience are different information conditions,Existing passage directly develops the topic.
BE-97e8c87ade0d,PDF topics 2026/BE14. Decision making from expereience.pdf,8–12,Disasters and experience trap,already-covered,chapters/18-decisions-from-experience.qmd:257,### Disasters and the experience trap,Existing passage directly develops the topic.
BE-97e8c87ade0d,PDF topics 2026/BE14. Decision making from expereience.pdf,13–18,"Sampling, recency and observed frequencies",already-covered,chapters/18-decisions-from-experience.qmd:80,## Why the gap emerges,Existing passage directly develops the topic.
BE-97e8c87ade0d,PDF topics 2026/BE14. Decision making from expereience.pdf,19;22–25,Vaccine-risk graphics,omitted-with-reason,,,Outdated health figures and overgeneralized persuasion claims not imported; Ch16 retains denominator/absolute-risk principles.
BE-97e8c87ade0d,PDF topics 2026/BE14. Decision making from expereience.pdf,20–21;26–35,"Learning histories, hot stove, adaptive sampling",already-covered,chapters/18-decisions-from-experience.qmd:139,### The hot-stove effect,Existing passage directly develops the topic.
BE-97e8c87ade0d,PDF topics 2026/BE14. Decision making from expereience.pdf,36–42,Risk simulation and visual communication,already-covered,chapters/18-decisions-from-experience.qmd:204,## Communicating risk: combine numbers and experience,Existing passage directly develops the topic.
BE-97e8c87ade0d,PDF topics 2026/BE14. Decision making from expereience.pdf,43–44,Quotation and summary,omitted-with-reason,,,No unique empirical claim.
BE-aab83a55d9de,Archives/07 - Decision from Experience and Operations/20. Newsvendor problem.pdf,1–16,"Stocking, asymmetric shortage/leftover costs",already-covered,chapters/16-risk-and-uncertainty.qmd:294,## Stocking for uncertain demand {#newsvendor-worked-example},Existing passage directly develops the topic.
BE-aab83a55d9de,Archives/07 - Decision from Experience and Operations/20. Newsvendor problem.pdf,17–27,Wetsuit demand example,added,chapters/16-risk-and-uncertainty.qmd:294,## Stocking for uncertain demand {#newsvendor-worked-example},Preserves190/110/90 payoffs as hypothetical; does not invent distribution needed for4186units.
BE-aab83a55d9de,Archives/07 - Decision from Experience and Operations/20. Newsvendor problem.pdf,28–37,Margin and pull-to-center,strengthened,chapters/16-risk-and-uncertainty.qmd:302,"Schweitzer and Cachon (2000) found that participants tended to order too few high-margin products and too many low-margin products relative to expected-profit benchmarks. This **pull toward average demand** can look sensible if the aim is to forecast accurately. Ordering, however, also requires pric",Added high-versus-low-margin contrast and behavioral alternatives.
BE-aab83a55d9de,Archives/07 - Decision from Experience and Operations/20. Newsvendor problem.pdf,38;41,Local result charts,omitted-with-reason,,,No cohort/raw data for generalization.
BE-aab83a55d9de,Archives/07 - Decision from Experience and Operations/20. Newsvendor problem.pdf,39–40;42,Risk attitude and overconfidence diagnosis,already-covered,chapters/16-risk-and-uncertainty.qmd:359,## Research Lens: every elicitation task measures a bundle,Lottery table labels SD as variance; not copied. Risk aversion is not a sufficient explanation for pull-to-center in both margin conditions.
BE-aab83a55d9de,Archives/07 - Decision from Experience and Operations/20. Newsvendor problem.pdf,43–44,Closing images,omitted-with-reason,,,No independent study claim.
BE-fc2d603b6bdc,Archives/09 - Additional Topics/Existing Additional Topics/Newsvendor Experiment.pptx,1–2,Pull-to-center experiment,already-covered,chapters/16-risk-and-uncertainty.qmd:294,## Stocking for uncertain demand {#newsvendor-worked-example},Existing passage directly develops the topic.
BE-fc2d603b6bdc,Archives/09 - Additional Topics/Existing Additional Topics/Newsvendor Experiment.pptx,3;5;7;9–11,Lottery/bomb/price-list/staircase/ambiguity tasks,already-covered,chapters/16-risk-and-uncertainty.qmd:359,## Research Lens: every elicitation task measures a bundle,Lottery5and6tieatEV18 and table SD/variance label are not carried over. Book preserves task-identification limits.
BE-fc2d603b6bdc,Archives/09 - Additional Topics/Existing Additional Topics/Newsvendor Experiment.pptx,4;6;8;12;15;18,Cohort outcome plots,omitted-with-reason,,,Unidentified classroom sample/raw outcomes; not treated as published evidence.
BE-fc2d603b6bdc,Archives/09 - Additional Topics/Existing Additional Topics/Newsvendor Experiment.pptx,13–14;16–17,CRT/Raven scores and overconfidence elicitation,already-covered,chapters/15-randomness-and-overconfidence.qmd:183,## Overconfidence: three different errors {#confidence-must-face-a-distribution},Calibrated distinction among estimation/placement/precision; classroom score percentages omitted.
BE-19e8f1cfeb59,BE12. Mental Acounting.pptx,1–2;5;13;21;29–30;45;53,Setup/separators/summary,omitted-with-reason,,,Navigation.
BE-19e8f1cfeb59,BE12. Mental Acounting.pptx,3–4,Calculator price and time tradeoff,already-covered,chapters/19-mental-accounting.qmd:52,"## Four operations: label, close, couple, and bracket {#four-operations-label-bracket-couple-and-close}",Existing passage directly develops the topic.
BE-19e8f1cfeb59,BE12. Mental Acounting.pptx,6–8,Beer reference prices and transaction utility,already-covered,chapters/19-mental-accounting.qmd:56,### Label: how categories change value {#label-acquisition-utility-and-transaction-utility},"Book uses original-study beer figures; JCPenney causal sales story not verified, not imported."
BE-19e8f1cfeb59,BE12. Mental Acounting.pptx,9–12,"Tennis, snowstorm and attendance sunk costs",already-covered,chapters/19-mental-accounting.qmd:106,"Vince prepays for a tennis season and later develops a painful elbow. He continues playing because stopping would “waste” the membership. Yet if a friend offered the same painful game for free, he would refuse.",Existing passage directly develops the topic.
BE-19e8f1cfeb59,BE12. Mental Acounting.pptx,14–20,"Budget labels, lost ticket, gasoline and taxi targets",already-covered,chapters/19-mental-accounting.qmd:138,[]{#boundary-case-daily-income-targets},Existing passage directly develops the topic.
BE-19e8f1cfeb59,BE12. Mental Acounting.pptx,22–24,House money/break even,strengthened,chapters/19-mental-accounting.qmd:128,"Consider a hypothetical fair coin toss that adds €9 or subtracts €9. After a €30 gain, integrating the two decisions gives final outcomes of +€39 and +€21: even the unfavorable toss leaves the account ahead. After a €30 loss, the same toss gives −€21 and −€39: neither outcome repairs the loss. A dif","Added explicit account arithmetic; inventedeuroexample labelledhypothetical, no percentages attributed to study."
BE-19e8f1cfeb59,BE12. Mental Acounting.pptx,25,Card Sharks exact betting figures,omitted-with-reason,,,"Gertner1993 identified, exact values not verified from accessible full primary text; not imported."
BE-19e8f1cfeb59,BE12. Mental Acounting.pptx,26–28,Break even/disposition,already-covered,chapters/19-mental-accounting.qmd:130,"The same logic helps organize the **disposition effect**: investors are often more willing to sell assets trading above their purchase price than assets trading below it. Selling a winner closes an account with a gain; selling a loser realizes an explicit loss (Shefrin & Statman, 1985). In Odean's (",Existing passage directly develops the topic.
BE-19e8f1cfeb59,BE12. Mental Acounting.pptx,31–39,Equity premium,added,chapters/27-markets-mispricing-and-bubbles.qmd:157,## Why the equity premium became a puzzle {#equity-premium-puzzle},Added a developed example with explicit evidence limits.
BE-19e8f1cfeb59,BE12. Mental Acounting.pptx,40–44,"Myopia, Samuelson and portfolio bracket",already-covered,chapters/19-mental-accounting.qmd:154,### Bracket: which outcomes belong together? {#bracket-one-decision-or-a-portfolio},Existing passage directly develops the topic.
BE-19e8f1cfeb59,BE12. Mental Acounting.pptx,46–51,"Hedonic editing, meter, gifts and naive diversification",already-covered,chapters/19-mental-accounting.qmd:52,"## Four operations: label, close, couple, and bracket {#four-operations-label-bracket-couple-and-close}",Existing passage directly develops the topic.
BE-19e8f1cfeb59,BE12. Mental Acounting.pptx,52,Siemens2007 delayed-work-pay example,omitted-with-reason,,,Insufficient bibliographic detail to verify; existing coupling/intertemporal examples develop mechanism.
BE-41e15d847cf3,Archives/05 - Strategic and Social Decisions/13. Social Preferences and Social Norms.pptx,1–2;12;21,Setup and summary,omitted-with-reason,,,Navigation; in longer deck21issectiontransition.
BE-41e15d847cf3,Archives/05 - Strategic and Social Decisions/13. Social Preferences and Social Norms.pptx,3–8,Ultimatum/dictator and interpretation,already-covered,chapters/25-cooperation-and-social-preferences.qmd:162,"### Fairness, bargaining, and giving {#ultimatum-game-fairness-has-strategic-force}",Existing passage directly develops the topic.
BE-41e15d847cf3,Archives/05 - Strategic and Social Decisions/13. Social Preferences and Social Norms.pptx,9–10,Small-scale societies,already-covered,chapters/25-cooperation-and-social-preferences.qmd:431,"Henrich and colleagues (2001) conducted ultimatum, public-goods, and dictator-type experiments across 15 small-scale societies. Behavior varied substantially. In Lamalera, Indonesia, offers were often hyperfair and have been discussed in relation to the cooperative organization of whale hunting. Amo",Book distinguishes Lamalera generosity from Au/Gnau high-offer rejection; slide attribution error not imported.
BE-41e15d847cf3,Archives/05 - Strategic and Social Decisions/13. Social Preferences and Social Norms.pptx,11,Negotiation recommendations,omitted-with-reason,,,Routed to negotiation owner.
BE-41e15d847cf3,Archives/05 - Strategic and Social Decisions/13. Social Preferences and Social Norms.pptx,13–17,Distributional/reciprocity models and GARP,already-covered,chapters/25-cooperation-and-social-preferences.qmd:399,[]{#distributional-models-make-motives-testable},Book retains parameter constraints; increasing advantageous-inequality aversion is not increasing tolerance for inequality.
BE-41e15d847cf3,Archives/05 - Strategic and Social Decisions/13. Social Preferences and Social Norms.pptx,18–20,Neural/comparative fairness,already-covered,chapters/25-cooperation-and-social-preferences.qmd:429,"### Cross-cultural, comparative, and neural evidence generate hypotheses",Existing concise contrasts retained; fMRI cannot separate all social-image motives or prove a dedicated fairness center.
BE-59e1da9c2d29,Archives/05 - Strategic and Social Decisions/13. Social Preferences.pptx,1–2;12;21,Setup and summary,omitted-with-reason,,,Navigation; in longer deck21issectiontransition.
BE-59e1da9c2d29,Archives/05 - Strategic and Social Decisions/13. Social Preferences.pptx,3–8,Ultimatum/dictator and interpretation,already-covered,chapters/25-cooperation-and-social-preferences.qmd:162,"### Fairness, bargaining, and giving {#ultimatum-game-fairness-has-strategic-force}",Existing passage directly develops the topic.
BE-59e1da9c2d29,Archives/05 - Strategic and Social Decisions/13. Social Preferences.pptx,9–10,Small-scale societies,already-covered,chapters/25-cooperation-and-social-preferences.qmd:431,"Henrich and colleagues (2001) conducted ultimatum, public-goods, and dictator-type experiments across 15 small-scale societies. Behavior varied substantially. In Lamalera, Indonesia, offers were often hyperfair and have been discussed in relation to the cooperative organization of whale hunting. Amo",Book distinguishes Lamalera generosity from Au/Gnau high-offer rejection; slide attribution error not imported.
BE-59e1da9c2d29,Archives/05 - Strategic and Social Decisions/13. Social Preferences.pptx,11,Negotiation recommendations,omitted-with-reason,,,Routed to negotiation owner.
BE-59e1da9c2d29,Archives/05 - Strategic and Social Decisions/13. Social Preferences.pptx,13–17,Distributional/reciprocity models and GARP,already-covered,chapters/25-cooperation-and-social-preferences.qmd:399,[]{#distributional-models-make-motives-testable},Book retains parameter constraints; increasing advantageous-inequality aversion is not increasing tolerance for inequality.
BE-59e1da9c2d29,Archives/05 - Strategic and Social Decisions/13. Social Preferences.pptx,18–20,Neural/comparative fairness,already-covered,chapters/25-cooperation-and-social-preferences.qmd:429,"### Cross-cultural, comparative, and neural evidence generate hypotheses",Existing concise contrasts retained; fMRI cannot separate all social-image motives or prove a dedicated fairness center.
BE-41e15d847cf3,Archives/05 - Strategic and Social Decisions/13. Social Preferences and Social Norms.pptx,22–32,Giving/taking frames and norm elicitation,already-covered,chapters/25-cooperation-and-social-preferences.qmd:447,### Eliciting norms as a coordination problem,Existing passage directly develops the topic.
BE-41e15d847cf3,Archives/05 - Strategic and Social Decisions/13. Social Preferences and Social Norms.pptx,33–35,Group boundary and similarity,already-covered,chapters/25-cooperation-and-social-preferences.qmd:238,## When “us and them” blocks cooperation {#group-identity-changes-the-social-boundary},Existing passage directly develops the topic.
BE-41e15d847cf3,Archives/05 - Strategic and Social Decisions/13. Social Preferences and Social Norms.pptx,36–50,Untraceable local subgroup/game graphics,omitted-with-reason,,,No provenance for sample and gender inference; not generalizable quantitative evidence.
BE-41e15d847cf3,Archives/05 - Strategic and Social Decisions/13. Social Preferences and Social Norms.pptx,51–54,Real versus minimal groups; punishment reward,already-covered,chapters/25-cooperation-and-social-preferences.qmd:196,[]{#punishment-and-anticipated-reward},"Group-effects core is covered, not every additional Goette design replicated."
BE-41e15d847cf3,Archives/05 - Strategic and Social Decisions/13. Social Preferences and Social Norms.pptx,55,Warm glow and tax/charity distinction,added,chapters/25-cooperation-and-social-preferences.qmd:182,### Valuing the benefit and valuing the act of giving {#warm-glow-and-giving},Adds Harbaugh2007 mandatory/voluntary contrast with reverse-inference boundary.
BE-41e15d847cf3,Archives/05 - Strategic and Social Decisions/13. Social Preferences and Social Norms.pptx,56,Self-perpetuating altruism formula,omitted-with-reason,,,No verified attribution or estimable interpretation; no equation imported.
BE-41e15d847cf3,Archives/05 - Strategic and Social Decisions/13. Social Preferences and Social Norms.pptx,57–59,Efficiency/maximin/inequality debate,already-covered,chapters/25-cooperation-and-social-preferences.qmd:413,### Revealed preference over allocations,Existing multiple-preference identification developed; not reproducing Engelmann/Fehr comment debate without fuller sample/contrast development.
BE-41e15d847cf3,Archives/05 - Strategic and Social Decisions/13. Social Preferences and Social Norms.pptx,60–61,Day-care fine,already-covered,chapters/25-cooperation-and-social-preferences.qmd:475,[]{#when-a-fine-changes-the-meaning-of-the-act},Existing passage directly develops the topic.
BE-41e15d847cf3,Archives/05 - Strategic and Social Decisions/13. Social Preferences and Social Norms.pptx,62,Bargaining tactics,omitted-with-reason,,,Negotiation owner.
BE-41e15d847cf3,Archives/05 - Strategic and Social Decisions/13. Social Preferences and Social Norms.pptx,63–65,Fairness and entitlement,already-covered,chapters/25-cooperation-and-social-preferences.qmd:479,### Fairness in markets: entitlement constrains price,Existing passage directly develops the topic.
BE-7b800936f44f,Archives/09 - Additional Topics/Existing Additional Topics/146 Happiness.pdf,1–8,Setup and classroom provocations,omitted-with-reason,,,No independent evidence.
BE-7b800936f44f,Archives/09 - Additional Topics/Existing Additional Topics/146 Happiness.pdf,9–13,Happiness measurement,already-covered,chapters/22-deciding-for-a-better-life.qmd:237,## Measuring well-being without manufacturing a verdict,No direct neural happiness meter claimed.
BE-7b800936f44f,Archives/09 - Additional Topics/Existing Additional Topics/146 Happiness.pdf,14–15,Income and macro correlates,already-covered,chapters/22-deciding-for-a-better-life.qmd:181,## How income relates to well-being {#income-no-magic-number},Book updates income/happiness inference; no fixed threshold or universal growth-null statement.
BE-7b800936f44f,Archives/09 - Additional Topics/Existing Additional Topics/146 Happiness.pdf,16–26,"Work norms, inequality, trust, democracy, volunteer/TV/marriage/religion associations",omitted-with-reason,,,"Substantive regression-table inspection confirms observational controls, not causal personal prescriptions. General measurement and confounding lessons retained; individual tables omitted for coherence."
BE-7b800936f44f,Archives/09 - Additional Topics/Existing Additional Topics/146 Happiness.pdf,27,Pro-social spending,already-covered,chapters/22-deciding-for-a-better-life.qmd:171,"The use of resources matters alongside time with other people. In an experiment by Dunn, Aknin, and Norton (2008), people assigned to spend money on others reported greater happiness at the end of the day than those assigned to spend it on themselves. This brings another consequence into the job com",Existing passage directly develops the topic.
BE-7b800936f44f,Archives/09 - Additional Topics/Existing Additional Topics/146 Happiness.pdf,28–34,Positive-psychology taxonomy and10%claim,omitted-with-reason,,,No conversion of explained variance into a percentage of happiness caused by circumstances; selected happy people do not identify causes.
BE-7b800936f44f,Archives/09 - Additional Topics/Existing Additional Topics/146 Happiness.pdf,35–40,"Relationships, recovery and goals",already-covered,chapters/22-deciding-for-a-better-life.qmd:153,"## Time, relationships, and social support {#connection-is-part-of-the-outcome}",Blanket clinical/stress prescriptions omitted; chapter develops bounded practical comparisons.
BE-7b800936f44f,Archives/09 - Additional Topics/Existing Additional Topics/146 Happiness.pdf,41,Further resources,omitted-with-reason,,,"Reading suggestions, not evidence."
BE-7b800936f44f,Archives/09 - Additional Topics/Existing Additional Topics/146 Happiness.pdf,42,Sunk/opportunity costs,already-covered,chapters/19-mental-accounting.qmd:102,"### Close: sunk costs, realized outcomes, and targets {#close-sunk-costs-and-the-pain-of-closing-an-account}",Existing passage directly develops the topic.
BE-7b800936f44f,Archives/09 - Additional Topics/Existing Additional Topics/146 Happiness.pdf,43–46,Spiritual and self-help aphorisms,omitted-with-reason,,,Not scientific evidence or a guaranteed happiness intervention.
BE-6fda423152b7,Archives/09 - Additional Topics/20. Happiness.pptx,1–2,Title and outline,omitted-with-reason,,,This86slidefile is mostly a finance deck despite its happiness filename.
BE-6fda423152b7,Archives/09 - Additional Topics/20. Happiness.pptx,3,Lottery winners and accident victims,added,chapters/22-deciding-for-a-better-life.qmd:199,"The classic lottery-and-accident comparison is often told too strongly. Brickman, Coates, and Janoff-Bulman (1978) interviewed 22 major lottery winners, 22 controls, and 29 people who had become paraplegic or quadriplegic after accidents. Lottery winners did not report significantly greater present ",Original smallcross-sectional1978contrast added alongside randomized-prize2020followup; rejects claim of equal happiness.
BE-6fda423152b7,Archives/09 - Additional Topics/20. Happiness.pptx,4,Tenure forecast illustration,already-covered,chapters/22-deciding-for-a-better-life.qmd:57,[]{#impact-bias-and-focalism},Slide misattributes tenure claim to Brickman1978; no wrong reference imported.
BE-6fda423152b7,Archives/09 - Additional Topics/20. Happiness.pptx,5–86,Finance material in misnamed happiness file,already-covered,chapters/27-markets-mispricing-and-bubbles.qmd:78,## What market efficiency does—and does not—claim,"Read text/notes; topics recur in current BE08 and DPN investment, mapped in detailed rows above."
DPN-656ae8351f3b,03. Social Influence.pptx,1–2;12–15;37;42;62,Setup/transitions/summary,omitted-with-reason,,,Navigation.
DPN-656ae8351f3b,03. Social Influence.pptx,3–11,"Chimpanzee matching, social learning, overimitation and mimicry",already-covered,chapters/26-social-norms-and-conformity.qmd:188,### The cognitive capacities behind social learning {#the-social-brain-is-not-simply-the-individually-smartest-brain},Existing passage directly develops the topic.
DPN-656ae8351f3b,03. Social Influence.pptx,16–36,"Attribution, self-serving explanations and expectations",omitted-with-reason,,,Cross-range chapters7/9/10/29 leads sent to root; do not duplicate explanations here.
DPN-656ae8351f3b,03. Social Influence.pptx,38–41,Asch and conformity,already-covered,chapters/26-social-norms-and-conformity.qmd:46,## Why we conform: informational and normative influence {#conformity-is-an-outcome-not-a-mechanism},Existing passage directly develops the topic.
DPN-656ae8351f3b,03. Social Influence.pptx,43,Shopping-cart origin anecdote,omitted-with-reason,,,Unverified historical particulars; social learning mechanism already established experimentally.
DPN-656ae8351f3b,03. Social Influence.pptx,44–46,MusicLab,already-covered,chapters/26-social-norms-and-conformity.qmd:124,"Digital counts make the dual role visible. Ratings, likes, downloads, and bestseller labels report earlier choices and influence later choices. In Salganik et al.'s (2006) Music Lab experiments, participants could listen to, rate, and download the same 48 songs. Random assignment placed them in an i",Existing passage directly develops the topic.
DPN-656ae8351f3b,03. Social Influence.pptx,47,Facebook emotional-content experiment,added,chapters/26-social-norms-and-conformity.qmd:132,### A feed can change expression {#social-feed-and-expression},Added a developed example with explicit evidence limits.
DPN-656ae8351f3b,03. Social Influence.pptx,48,Cooperation networks,already-covered,chapters/25-cooperation-and-social-preferences.qmd:126,Cooperation can also travel through people's next interactions without anyone passing along a reputation. Fowler and Christakis (2010) reanalyzed public-goods experiments in which participants were randomly placed in new four-person groups over six rounds and never met the same partner twice. People,Existing passage directly develops the topic.
DPN-656ae8351f3b,03. Social Influence.pptx,49,Cross-norm disorder,added,chapters/26-social-norms-and-conformity.qmd:106,### Can one violation make another seem acceptable? {#cross-norm-disorder},Added a developed example with explicit evidence limits.
DPN-656ae8351f3b,03. Social Influence.pptx,50–51,Energy norms and boomerang,already-covered,chapters/26-social-norms-and-conformity.qmd:100,"Hotel guests were more likely to reuse towels when a sign described reuse by guests in the same room than under a standard environmental appeal in Goldstein et al.'s (2008) setting. Schultz et al. (2007) found that high-using households reduced energy use after comparison with neighbors, but low-usi",Existing passage directly develops the topic.
DPN-656ae8351f3b,03. Social Influence.pptx,52–53,Smoke-room bystanders,added,chapters/28-social-influence.qmd:141,"The **smoke-filled room** makes the interpretation problem visible. Latané and Darley (1968) had participants complete questionnaires while smoke entered through a vent. When alone, 75% reported it; with two confederates who remained passive, 10% did. A separate condition placed three genuine partic","Adds exact experiment distinct from existing intercom study, preserves individual/group denominators."
DPN-656ae8351f3b,03. Social Influence.pptx,54–60,Pluralistic ignorance/norm cases,already-covered,chapters/26-social-norms-and-conformity.qmd:116,"Public behavior can also conceal private belief. In **pluralistic ignorance**, people privately doubt or reject a position yet misperceive others as accepting it because everyone observes the same cautious public behavior (Prentice & Miller, 1993). The misperception concerns the group's private view",Existing passage directly develops the topic.
DPN-656ae8351f3b,03. Social Influence.pptx,61,Anti-drug campaign,omitted-with-reason,,,Slide conflates campaign names; observational exposure and unintended effects need accurate program-specific evidence. No claim imported.
DPN-df670f4e409b,08. Cultural Influence.pptx,1–5,National anecdotes and COVID comparison,omitted-with-reason,,,No stereotype treated as a diagnosis or current health-policy claim.
DPN-df670f4e409b,08. Cultural Influence.pptx,6,Multicultural creativity,already-covered,chapters/29-culture-and-identity.qmd:355,"Cross-cultural experience can broaden cognition when people engage and adapt rather than merely travel; living abroad has been associated with creativity under such conditions (Maddux & Galinsky, 2009). If differences remain silent or unsafe, the information never reaches the decision.",Existing passage directly develops the topic.
DPN-df670f4e409b,08. Cultural Influence.pptx,7–8;28–30;39–49;52–54;57;71–74,"Aviation, language priming and cross-cultural negotiation",omitted-with-reason,,,Sent to foundations/negotiation owner; English-only aviation narrative not imported.
DPN-df670f4e409b,08. Cultural Influence.pptx,9;27;33;50–51;55–56;59–60;67,Separators/admin,omitted-with-reason,,,Navigation.
DPN-df670f4e409b,08. Cultural Influence.pptx,10–17,"Personality, cultural cognition, scene and triad",already-covered,chapters/29-culture-and-identity.qmd:111,[]{#a-three-object-prediction},Existing passage directly develops the topic.
DPN-df670f4e409b,08. Cultural Influence.pptx,18–19,Dialectical contradiction,added,chapters/29-culture-and-identity.qmd:121,"Cultural learning may also affect what people do when explanations conflict. Peng and Nisbett (1999) presented Chinese and American university students with apparently contradictory statements. When both statements appeared together, American participants tended to strengthen their preference for th",Added a developed example with explicit evidence limits.
DPN-df670f4e409b,08. Cultural Influence.pptx,20–21,Starbucks chair behavior,added,chapters/29-culture-and-identity.qmd:131,"Talhelm, Zhang, and Oishi (2018) extended the question to an ordinary obstacle. They positioned chairs so that they partly blocked aisles in Starbucks stores and observed 678 customers. Customers in northern, predominantly wheat-growing cities were more likely to move a chair; those in southern, pre",Added a developed example with explicit evidence limits.
DPN-df670f4e409b,08. Cultural Influence.pptx,22–26,Rice/wheat and honor,already-covered,chapters/29-culture-and-identity.qmd:127,[]{#how-livelihoods-can-shape-cultural-learning},Existing passage directly develops the topic.
DPN-df670f4e409b,08. Cultural Influence.pptx,31–32,Future grammar and saving,added,chapters/20-intertemporal-decision-making.qmd:157,### Does the language of the future change saving? {#language-and-future-oriented-behavior},Added a developed example with explicit evidence limits.
DPN-df670f4e409b,08. Cultural Influence.pptx,34–38;61–66,Country dimensions and variation,already-covered,chapters/29-culture-and-identity.qmd:81,[]{#cultural-dimensions-do-not-diagnose-a-person},Representative dimensions developed; do not add a trait scorecard that diagnoses individuals from nationality.
DPN-df670f4e409b,08. Cultural Influence.pptx,58;68–70;75–76,"Alibaba names, old happiness rankings, MPs gender statistic, success/failure and climate",omitted-with-reason,,,Historical/statistical details unverified or too stereotyped; no deterministic national prescriptions.
DPN-456bc7c5d98d,A2. Behavioral Game Theory.pptx,1–3;5–8;10;12;14;18–19;22–23;26;31;37;39;42;51;54;57;61–63,"Admin, local charts, history and entertainment",omitted-with-reason,,,"Compared with current BE07. Repeated unrelated nudge speaker notes recognized as stale, not author instructions. Cigarette profit/history not imported."
DPN-456bc7c5d98d,A2. Behavioral Game Theory.pptx,4;9;11;13;15–17;20–21;24–25,"Beauty, focal meeting and hierarchy",already-covered,chapters/23-strategic-interdependence.qmd:178,[]{#cognitive-hierarchy-best-respond-to-a-mixture},Existing passage directly develops the topic.
DPN-456bc7c5d98d,A2. Behavioral Game Theory.pptx,27–30;32–36;38;40–41,"Matrices, Nash, PD and institutional conflict",already-covered,chapters/24-coordination-and-focal-points.qmd:51,[]{#reading-a-payoff-matrix},Existing passage directly develops the topic.
DPN-456bc7c5d98d,A2. Behavioral Game Theory.pptx,43–50;52–53,"Reciprocity, reputation and Golden Balls",already-covered,chapters/25-cooperation-and-social-preferences.qmd:110,### Reciprocity needs a way to repair mistakes {#tit-for-tat-forgiveness-and-noise},Existing passage directly develops the topic.
DPN-456bc7c5d98d,A2. Behavioral Game Theory.pptx,55–56;58–60,Ultimatum bargaining and interpretation,already-covered,chapters/25-cooperation-and-social-preferences.qmd:162,"### Fairness, bargaining, and giving {#ultimatum-game-fairness-has-strategic-force}",Absolute high-stakes invariance claim not retained.
DPN-bd25b66cbcfc,A3. Investment Decisions.pptx,1–22,"Valuation, EMH, Fed/Challenger and event study",already-covered,chapters/27-markets-mispricing-and-bubbles.qmd:78,## What market efficiency does—and does not—claim,"Current BE08 notes correct older error: event studies examine returns, not earnings effects; minute graph does not show millisecond response."
DPN-bd25b66cbcfc,A3. Investment Decisions.pptx,23–38,Trading patterns and arbitrage,already-covered,chapters/27-markets-mispricing-and-bubbles.qmd:114,"### Size, value, momentum, and reversal ask different questions",No-guarantee framing and joint hypotheses retained. Exact triangular-arbitrage arithmetic not necessary after existing no-risk vs costly-correction contrast.
DPN-bd25b66cbcfc,A3. Investment Decisions.pptx,39–48,Equity premium,added,chapters/27-markets-mispricing-and-bubbles.qmd:157,## Why the equity premium became a puzzle {#equity-premium-puzzle},Added a developed example with explicit evidence limits.
DPN-bd25b66cbcfc,A3. Investment Decisions.pptx,49–56,"Myopic evaluation, multiplicative wealth and disposition",already-covered,chapters/19-mental-accounting.qmd:154,### Bracket: which outcomes belong together? {#bracket-one-decision-or-a-portfolio},Existing passage directly develops the topic.
DPN-bd25b66cbcfc,A3. Investment Decisions.pptx,57–60,"Concentration paper, polls, quotations",omitted-with-reason,,,"As BE08: extra asset-pricing hypothesis omitted, no unsupported investment recommendation."
DPN-bd25b66cbcfc,A3. Investment Decisions.pptx,61–67,Historical return tables,already-covered,chapters/27-markets-mispricing-and-bubbles.qmd:114,"### Size, value, momentum, and reversal ask different questions",Existing passage directly develops the topic.
DPN-bd25b66cbcfc,A3. Investment Decisions.pptx,68–71,Palm3Com,already-covered,chapters/27-markets-mispricing-and-bubbles.qmd:179,[]{#the-palm3com-case-visible-inconsistency-costly-correction},Existing passage directly develops the topic.
DPN-bd25b66cbcfc,A3. Investment Decisions.pptx,72–81,Experimental and lottery bubbles,already-covered,chapters/27-markets-mispricing-and-bubbles.qmd:422,### Payoffs and participants shape market behavior {#lottery-payoffs-and-cognitive-reflection},"Original slide75 dividend formula has .048 typo; existing book specifies coherent probabilities and mean, does not copy typo."
DPN-bd25b66cbcfc,A3. Investment Decisions.pptx,82–84,Shiller and historical ratios,already-covered,chapters/27-markets-mispricing-and-bubbles.qmd:444,## Evaluating competing explanations for a boom {#a-two-direction-bubble-dashboard},Existing passage directly develops the topic.
BE-83153778433c,BE2026/BE08. Behavioral Finance.pptx,1–10,"EMH, expectations and information sets",already-covered,chapters/27-markets-mispricing-and-bubbles.qmd:78,## What market efficiency does—and does not—claim,Existing passage directly develops the topic.
BE-83153778433c,BE2026/BE08. Behavioral Finance.pptx,11–14;50–52,"Fed,September11andChallenger",already-covered,chapters/27-markets-mispricing-and-bubbles.qmd:44,### A scheduled announcement: unchanged policy can be surprising,Existing passage directly develops the topic.
BE-83153778433c,BE2026/BE08. Behavioral Finance.pptx,15–18,Event study and earnings drift,already-covered,chapters/27-markets-mispricing-and-bubbles.qmd:106,### Earnings surprises can be followed by drift,Existing passage directly develops the topic.
BE-83153778433c,BE2026/BE08. Behavioral Finance.pptx,19–28;30;43–46;74–79,Size/value/momentum/reversal tables and polls,already-covered,chapters/27-markets-mispricing-and-bubbles.qmd:114,"### Size, value, momentum, and reversal ask different questions",Specific historical tables illustrate patterns; no universal prediction or current portfolio advice. Legacy slide24 unverified numerical bars omitted.
BE-83153778433c,BE2026/BE08. Behavioral Finance.pptx,29;31–33,Publication decay and information incentives,already-covered,chapters/27-markets-mispricing-and-bubbles.qmd:150,"A documented return pattern challenges a specified benchmark; it does not say whether the source is behavioral error, omitted risk, friction, model misspecification, or data mining. Finance offers thousands of securities, variables, transformations, and subperiods, so out-of-sample, after-cost, and ",Existing passage directly develops the topic.
BE-83153778433c,BE2026/BE08. Behavioral Finance.pptx,34–36;69,References and archived login/payment rules,omitted-with-reason,,,Not book prose or executable instructions.
BE-83153778433c,BE2026/BE08. Behavioral Finance.pptx,37–38,Fish market and irreversible fuel cost,already-covered,chapters/23-strategic-interdependence.qmd:231,## Applied module: market rules change the strategic game,Existing passage directly develops the topic.
BE-83153778433c,BE2026/BE08. Behavioral Finance.pptx,39–41,Current class asset market rules,already-covered,chapters/27-markets-mispricing-and-bubbles.qmd:340,### A finite-lived asset and a declining benchmark,Published benchmark is kept separate from classroom12-period design and current settlement rules.
BE-83153778433c,BE2026/BE08. Behavioral Finance.pptx,42;55–57;72–73,Forecast discipline,already-covered,chapters/27-markets-mispricing-and-bubbles.qmd:494,[]{#a-falsifiable-investment-memo},Existing passage directly develops the topic.
BE-83153778433c,BE2026/BE08. Behavioral Finance.pptx,47–48;59;66–67,Random charts and moving-average timing,already-covered,chapters/27-markets-mispricing-and-bubbles.qmd:474,"**Technical analysis** uses past prices and trading volume to identify patterns; **fundamental analysis** evaluates the cash flows, risks, and valuation assumptions behind a security. Both can be disciplined or impressionistic. Simulated price charts can also display persuasive-looking trends withou",No unsupported broker failure percentage or25%volatility reduction from unreplicated chart.
BE-83153778433c,BE2026/BE08. Behavioral Finance.pptx,49,IBM versus StandardOil,already-covered,chapters/27-markets-mispricing-and-bubbles.qmd:120,"A low price-to-earnings ratio is not proof of a bargain, and a successful growth company is not automatically a superior investment. Its success may already be expensive to buy. Comparing IBM and Standard Oil of New Jersey illustrates this distinction: stronger operating growth and greater price app",Avoids mixing operating-growth and return windows; selected companies are not causal evidence.
BE-83153778433c,BE2026/BE08. Behavioral Finance.pptx,53,Legacy gold response chart,omitted-with-reason,,,Original timestamp/data not verified; documented Fed S&P example supplies event lesson.
BE-83153778433c,BE2026/BE08. Behavioral Finance.pptx,54,2024election-night market response,already-covered,chapters/27-markets-mispricing-and-bubbles.qmd:56,[]{#election-night-the-announcement-may-confirm-what-prices-already-reflect},Existing passage directly develops the topic.
BE-83153778433c,BE2026/BE08. Behavioral Finance.pptx,58;60–62,CAPM/factors/alpha/strict arbitrage,already-covered,chapters/27-markets-mispricing-and-bubbles.qmd:139,The **capital asset pricing model** (CAPM) relates an asset’s expected excess return to its exposure to the market’s excess return. Its **beta** measures that exposure; an estimated **alpha** is the average return left unexplained by the fitted benchmark. Multifactor models allow several systematic ,Existing passage directly develops the topic.
BE-83153778433c,BE2026/BE08. Behavioral Finance.pptx,63,Multiplicative wealth example,already-covered,chapters/27-markets-mispricing-and-bubbles.qmd:485,## Worked example: average returns and compounded wealth,Existing passage directly develops the topic.
BE-83153778433c,BE2026/BE08. Behavioral Finance.pptx,64,CUBA fund,already-covered,chapters/27-markets-mispricing-and-bubbles.qmd:185,"The **CUBA fund** example connects these constraints back to news. After the December 2014 announcement of steps toward US–Cuba normalization, the Herzfeld Caribbean Basin Fund’s share price rose much more than the value of its portfolio. It did not own Cuban securities. Thaler (2016) uses the widen",Existing passage directly develops the topic.
BE-83153778433c,BE2026/BE08. Behavioral Finance.pptx,65,Financial intermediation unit cost,omitted-with-reason,,,"Distinct productivity question, not EMH test. No need to add industry-cost chapter; erroneous GDP denominator not imported."
BE-83153778433c,BE2026/BE08. Behavioral Finance.pptx,68,Buffett net-worth graphic,omitted-with-reason,,,Third-party selected-success estimates not audited; transparent compounding already present.
BE-83153778433c,BE2026/BE08. Behavioral Finance.pptx,70,Triangular arbitrage,already-covered,chapters/27-markets-mispricing-and-bubbles.qmd:165,## Limits to arbitrage: the costs and risks of correcting mispricing {#limits-to-arbitrage-seeing-an-error-is-not-enough},Strict arbitrage versus risky convergence distinction covered; extra arithmetic cycle omitted for chapter coherence.
BE-83153778433c,BE2026/BE08. Behavioral Finance.pptx,71,Disposition exercise,already-covered,chapters/19-mental-accounting.qmd:130,"The same logic helps organize the **disposition effect**: investors are often more willing to sell assets trading above their purchase price than assets trading below it. Selling a winner closes an account with a gain; selling a loser realizes an explicit loss (Shefrin & Statman, 1985). In Odean's (",Existing passage directly develops the topic.
BE-83153778433c,BE2026/BE08. Behavioral Finance.pptx,80,Long-horizon realized equity premium,added,chapters/27-markets-mispricing-and-bubbles.qmd:157,## Why the equity premium became a puzzle {#equity-premium-puzzle},"New puzzle discussion also draws on detailed mental-accounting and older investment slides, not misidentified current48–50."
BE-83153778433c,BE2026/BE08. Behavioral Finance.pptx,81–84,Palm3Com,already-covered,chapters/27-markets-mispricing-and-bubbles.qmd:179,[]{#the-palm3com-case-visible-inconsistency-costly-correction},Existing passage directly develops the topic.
BE-83153778433c,BE2026/BE08. Behavioral Finance.pptx,85–86,Shiller ratios,already-covered,chapters/27-markets-mispricing-and-bubbles.qmd:444,## Evaluating competing explanations for a boom {#a-two-direction-bubble-dashboard},Existing passage directly develops the topic.
