source_id,source_file,units_reviewed,topic,status,book_target,reason,verification
DPN-1a4404f4a5d6,DPN04. Influence & Persuasion.pptx,1–26,Social brain; imitation; cultural success; social norms,already-covered,chapters/28-social-influence.qmd#chapter-28-start;chapters/29-culture-and-identity.qmd#chapter-29-start,Cross-range; sent to root; no redundant introductory neuroscience in persuasion,"Canonical comparison; primary verification only for additions, as documented in verification.md"
DPN-1a4404f4a5d6,DPN04. Influence & Persuasion.pptx,27–34,Persuasion as model updating,already-covered,chapters/30-persuasion.qmd#from-information-transfer-to-model-updating,Platform-change case already connects evidence and audience interpretation,"Canonical comparison; primary verification only for additions, as documented in verification.md"
DPN-1a4404f4a5d6,DPN04. Influence & Persuasion.pptx,35–43,ABT; historical speeches; narrative index,strengthened,chapters/32-message-design.qmd#abt-gettysburg-example,Lincoln example supplies concrete structure; Olson credited; word count index bounded as heuristic,"Canonical comparison; primary verification only for additions, as documented in verification.md"
DPN-1a4404f4a5d6,DPN04. Influence & Persuasion.pptx,44–57,Restaurant product pitch; STORY; startup pitches,already-covered,chapters/32-message-design.qmd#build-the-message-with-one-primary-workflow,Restaurant hypothetical already fully developed; commercial building/diagnostic performance figures omitted without primary verification,"Canonical comparison; primary verification only for additions, as documented in verification.md"
DPN-1a4404f4a5d6,DPN04. Influence & Persuasion.pptx,58–64,Familiarity/novelty; sharing motives; attention,already-covered,chapters/13-priming-fluency-and-familiarity.qmd#familiarity-and-novelty;chapters/32-message-design.qmd#chapter-32-start,MAYA developed elsewhere; sharing and audience needs already mapped,"Canonical comparison; primary verification only for additions, as documented in verification.md"
DPN-1a4404f4a5d6,DPN04. Influence & Persuasion.pptx,65–70,Advice giving; self-persuasion; foot in door; Ben Franklin,already-covered,chapters/30-persuasion.qmd#commitment-and-self-persuasion;chapters/34-connection.qmd#chapter-34-start,Published experiments already present; unverified phone-charity/no-show percentages not imported,"Canonical comparison; primary verification only for additions, as documented in verification.md"
DPN-1a4404f4a5d6,DPN04. Influence & Persuasion.pptx,71–76,SUCCES; rhyme; ticker fluency; scope; identifiable victim,already-covered,chapters/31-storytelling.qmd#the-powerand-dangerof-one;chapters/32-message-design.qmd#chapter-32-start,SUCCES overlaps existing workflow; identifiable-victim experiment developed; cross-range fluency/scope routed,"Canonical comparison; primary verification only for additions, as documented in verification.md"
DPN-1a4404f4a5d6,DPN04. Influence & Persuasion.pptx,77–79,Shared film processing; unstructured park footage; cross-modal narratives,strengthened,chapters/31-storytelling.qmd#shared-film-processing,Film/park comparison now explained; shared processing distinguished from agreement; cross-modal extension omitted to preserve focus,"Canonical comparison; primary verification only for additions, as documented in verification.md"
DPN-1a4404f4a5d6,DPN04. Influence & Persuasion.pptx,80–86,Story/number warnings; media examples,already-covered,chapters/31-storytelling.qmd#the-powerand-dangerof-one,Stories versus causal evidence already explicit; linked videos not watched or treated as empirical evidence,"Canonical comparison; primary verification only for additions, as documented in verification.md"
DPN-1a4404f4a5d6,DPN04. Influence & Persuasion.pptx,87–91,Bibliography,omitted-with-reason,chapters/30-persuasion.qmd#chapter-30-start,Source directory; not a substantive book example and not independently checked in full,"Canonical comparison; primary verification only for additions, as documented in verification.md"
DPN-1a4404f4a5d6,DPN04. Influence & Persuasion.pptx,92–112,Propagation; course activities; supplemental persuasion/social evidence,already-covered,chapters/32-message-design.qmd#chapter-32-start;chapters/28-social-influence.qmd#chapter-28-start,Sharing and redesign lab covered; administrative assessment instructions excluded; false-news and social-game material routed outside range,"Canonical comparison; primary verification only for additions, as documented in verification.md"
DPN-1a4404f4a5d6,DPN04. Influence & Persuasion.pptx,113–125,MAYA familiarity and novelty supplement,already-covered,chapters/13-priming-fluency-and-familiarity.qmd#familiarity-and-novelty,Do not duplicate developed earlier chapter,"Canonical comparison; primary verification only for additions, as documented in verification.md"
DPN-0b17bad584c2,DPN05. Distributive Negotiation.pptx,1–23,Negotiation preparation and joint decision; process,already-covered,chapters/35-negotiation-as-joint-decision-making.qmd#prepare-the-joint-decision,Supplier scene already integrates preparation and interests,"Canonical comparison; primary verification only for additions, as documented in verification.md"
DPN-0b17bad584c2,DPN05. Distributive Negotiation.pptx,24,Rackham skilled-negotiator comparisons,already-covered,chapters/35-negotiation-as-joint-decision-making.qmd#what-skilled-practice-looks-like,Observed differences already qualified; embedded graph visually inspected,"Canonical comparison; primary verification only for additions, as documented in verification.md"
DPN-0b17bad584c2,DPN05. Distributive Negotiation.pptx,25–36,BATNA; reservation values; target; ZOPA,already-covered,chapters/36-distributive-negotiation.qmd#worked-reservation-values,Job and dream-house arithmetic already developed; not repeated,"Canonical comparison; primary verification only for additions, as documented in verification.md"
DPN-0b17bad584c2,DPN05. Distributive Negotiation.pptx,37–46,First offers; counteranchors; chilling effect,already-covered,chapters/36-distributive-negotiation.qmd#batna-aspiration-and-bargaining-power,Chilling/winners-curse distinction already clearer than schematic source; embedded curve inspected,"Canonical comparison; primary verification only for additions, as documented in verification.md"
DPN-0b17bad584c2,DPN05. Distributive Negotiation.pptx,47–59,Precision; ranges; concessions; silence,already-covered,chapters/36-distributive-negotiation.qmd#chapter-36-start,Precision/range studies and concession evidence already developed; range-offer image inspected,"Canonical comparison; primary verification only for additions, as documented in verification.md"
DPN-0b17bad584c2,DPN05. Distributive Negotiation.pptx,60–66,Reciprocal concessions; Roosevelt photo anecdote; close,already-covered,chapters/28-social-influence.qmd#chapter-28-start;chapters/36-distributive-negotiation.qmd#chapter-36-start,Reciprocity resides earlier; Roosevelt already explicitly anecdotal; no universal best tactic inferred,"Canonical comparison; primary verification only for additions, as documented in verification.md"
DPN-b67e19519645,DPN06. Integrative Negotiation.pptx,1–17,Integrative bargaining; interests; priorities; packages,already-covered,chapters/37-integrative-negotiation.qmd#build-the-supplier-package,Fixed-pie/prunes/logrolling and complete-package example already developed,"Canonical comparison; primary verification only for additions, as documented in verification.md"
DPN-b67e19519645,DPN06. Integrative Negotiation.pptx,18–25,Contingent contracts; MESOs; royalties; disagreement,already-covered,chapters/38-designing-better-agreements.qmd#chapter-38-start,MPharm and supplier-capacity calculations already detailed,"Canonical comparison; primary verification only for additions, as documented in verification.md"
DPN-b67e19519645,DPN06. Integrative Negotiation.pptx,26–30,Deadlines; mediation; arbitration; humor,strengthened,chapters/36-distributive-negotiation.qmd#deadlines-and-delay-costs;chapters/38-designing-better-agreements.qmd#chapter-38-start,Added Moore2004 and cost/deadline distinction; universal mediation settlement percentages and humor prescription omitted,"Canonical comparison; primary verification only for additions, as documented in verification.md"
DPN-b67e19519645,DPN06. Integrative Negotiation.pptx,31–38,Lie detection; truthful information boundaries,strengthened,chapters/36-distributive-negotiation.qmd#the-negotiation-before-the-negotiation;chapters/33-communication.qmd#lie-detection,Added truthful salary boundary; deception experiments already bounded in33; clips not viewed,"Canonical comparison; primary verification only for additions, as documented in verification.md"
DPN-b67e19519645,DPN06. Integrative Negotiation.pptx,39–64,Cross-cultural communication and authority,already-covered,chapters/35-negotiation-as-joint-decision-making.qmd#culture-and-meaning-ask-do-not-diagnose-from-a-passport;chapters/38-designing-better-agreements.qmd#chapter-38-start,Book emphasizes person/process verification rather than national stereotypes,"Canonical comparison; primary verification only for additions, as documented in verification.md"
DPN-b67e19519645,DPN06. Integrative Negotiation.pptx,65–70,Summary and AIM evidence,already-covered,chapters/33-communication.qmd#lie-detection,AIM original and follow-up context already included; no gesture-based diagnostic imported,"Canonical comparison; primary verification only for additions, as documented in verification.md"
DPN-b67e19519645,DPN06. Integrative Negotiation.pptx,71–72,Information-disclosure framework,already-covered,chapters/38-designing-better-agreements.qmd#replace-lie-detection-with-claim-verification,Truthful claim verification already developed,"Canonical comparison; primary verification only for additions, as documented in verification.md"
DPN-b67e19519645,DPN06. Integrative Negotiation.pptx,73–75,Banker contingent fee schedules and threshold incentives,added,chapters/38-designing-better-agreements.qmd#fee-threshold-incentives,Fresh hypothetical adviser case demonstrates whole-price fee cliff and marginal alternative without copying protected payoff brief,"Canonical comparison; primary verification only for additions, as documented in verification.md"
DPN-b67e19519645,DPN06. Integrative Negotiation.pptx,76,Borgen media clip,omitted-with-reason,chapters/38-designing-better-agreements.qmd#chapter-38-start,Clip not viewed; narrative illustration would repeat already-developed process point,"Canonical comparison; primary verification only for additions, as documented in verification.md"
DPN-b0a07631debc,DPN07. Communication & Connection.pptx,1–7,Framing; paired conversation and debrief,already-covered,chapters/34-connection.qmd#chapter-34-start,Three practice labs already present,"Canonical comparison; primary verification only for additions, as documented in verification.md"
DPN-b0a07631debc,DPN07. Communication & Connection.pptx,8–11,Connection; ambivalence; social pain; commuter forecasts,already-covered,chapters/34-connection.qmd#why-relationship-quality-matters,Mortality association and social benefits already bounded,"Canonical comparison; primary verification only for additions, as documented in verification.md"
DPN-b0a07631debc,DPN07. Communication & Connection.pptx,12–28,Iceberg; projection; transparency; email; body language,already-covered,chapters/33-communication.qmd#when-your-own-view-becomes-the-default,Email and tapping experiments developed; nonverbal uncertainty preserved,"Canonical comparison; primary verification only for additions, as documented in verification.md"
DPN-b0a07631debc,DPN07. Communication & Connection.pptx,29–47,Conversation type; shared reality; perspective getting; questions; listening,already-covered,chapters/34-connection.qmd#diagnose-the-conversation-before-answering-it;chapters/34-connection.qmd#replace-mind-reading-with-verified-understanding,Existing chapter includes deep-question table and specific responsive-listening moves,"Canonical comparison; primary verification only for additions, as documented in verification.md"
DPN-b0a07631debc,DPN07. Communication & Connection.pptx,48,Interbrain coupling,already-covered,chapters/33-communication.qmd#speaker-listener-neural-coupling,Speaker-listener experiment already separated from agreement,"Canonical comparison; primary verification only for additions, as documented in verification.md"
DPN-b0a07631debc,DPN07. Communication & Connection.pptx,49–58,Deep questions; intimacy; labs; teacher anecdote,already-covered,chapters/34-connection.qmd#chapter-34-start,Deep conversations and measured forecasts developed; intimate teacher anecdote omitted as redundant and not primary-verified,"Canonical comparison; primary verification only for additions, as documented in verification.md"
DPN-b0a07631debc,DPN07. Communication & Connection.pptx,59–67,Appreciation; help; co-rumination; warm honesty; net,already-covered,chapters/34-connection.qmd#chapter-34-start,Relevant empirical studies and practical scripts already developed,"Canonical comparison; primary verification only for additions, as documented in verification.md"
DPN-b0a07631debc,DPN07. Communication & Connection.pptx,68–74,Pinch-crunch; apology; conflict repair lab,already-covered,chapters/34-connection.qmd#chapter-34-start,Already integrated into colleague scene and lab,"Canonical comparison; primary verification only for additions, as documented in verification.md"
DPN-b0a07631debc,DPN07. Communication & Connection.pptx,75–83,Synthesis; references; disagreement figure,already-covered,chapters/34-connection.qmd#chapter-34-start,Disagreement evidence already present; do not treat book-figure approximations as primary effect estimates,"Canonical comparison; primary verification only for additions, as documented in verification.md"
DPN-c040e993ca56,N4. Fairness in Negotiation.pptx,1–2;15–27;33–34,Equal incremental gains; software/cab/runway/water,added,chapters/36-distributive-negotiation.qmd#sharing-gains-above-alternatives,One fully worked software comparison replaces repeated similar calculations; equal-gains rule explicitly normative; no Uber algorithm claim,"Canonical comparison; primary verification only for additions, as documented in verification.md"
DPN-c040e993ca56,N4. Fairness in Negotiation.pptx,3–14,Alternatives; reservation prices; self-serving fairness,already-covered,chapters/36-distributive-negotiation.qmd#worked-reservation-values,Existing arithmetic retained; self-serving interpretation cross-range,"Canonical comparison; primary verification only for additions, as documented in verification.md"
DPN-c040e993ca56,N4. Fairness in Negotiation.pptx,28–32,SeaTech instructor exercise,omitted-with-reason,chapters/36-distributive-negotiation.qmd#sharing-gains-above-alternatives,Protected role/payoff material not copied; core surplus mechanism taught through generic software example,"Canonical comparison; primary verification only for additions, as documented in verification.md"
DPN-b1640a1f9b42,N5. Topics in Negotiation.pptx,1–7,Merger synergies; proportional versus equal incremental gains,strengthened,chapters/36-distributive-negotiation.qmd#sharing-gains-above-alternatives,Software example teaches same baseline distinction; full merger payoff table omitted as repetitive role material,"Canonical comparison; primary verification only for additions, as documented in verification.md"
DPN-b1640a1f9b42,N5. Topics in Negotiation.pptx,8–19;38–41;44,Skilled practice; cultural frameworks and intelligence,already-covered,chapters/35-negotiation-as-joint-decision-making.qmd#culture-and-meaning-ask-do-not-diagnose-from-a-passport,National prototypes not individual diagnoses; existing book qualifications retained,"Canonical comparison; primary verification only for additions, as documented in verification.md"
DPN-b1640a1f9b42,N5. Topics in Negotiation.pptx,20–28;33,Deadlines; third parties; lies and boundaries,strengthened,chapters/36-distributive-negotiation.qmd#deadlines-and-delay-costs,Corrected blanket advice using context-specific evidence; mediation/arbitration and lie accuracy already clearer in book,"Canonical comparison; primary verification only for additions, as documented in verification.md"
DPN-b1640a1f9b42,N5. Topics in Negotiation.pptx,29–32;34–37;42–43;45–50,Tactics; humor; settlement mechanisms; cases and clips,omitted-with-reason,chapters/38-designing-better-agreements.qmd#chapter-38-start,Do not teach national/gender justice stereotypes or unsupported legal advice; process authority and safeguards already developed; clips not viewed; commercial scripts not copied,"Canonical comparison; primary verification only for additions, as documented in verification.md"
DPN-54c82e46a374,additional topics/2026/Choice Architecture - Lecture Slides.pptx,1–10;18–20,Architecture; plausible paths; fluency; defaults,already-covered,chapters/40-choice-architecture.qmd#the-plausible-path-where-architecture-enters-the-loop,Main framework already integrated; connection to search made explicit,"Canonical comparison; primary verification only for additions, as documented in verification.md"
DPN-54c82e46a374,additional topics/2026/Choice Architecture - Lecture Slides.pptx,11–13;57,Flight1549 and airspeed display,omitted-with-reason,chapters/40-choice-architecture.qmd#make-consequences-understandable-mapping-and-metrics,Display mechanism useful but exact counterfactual safety benefit not identified; retain mapping via verified fuel/menu examples; embedded airspeed unavailable as raster in selected extraction,"Canonical comparison; primary verification only for additions, as documented in verification.md"
DPN-54c82e46a374,additional topics/2026/Choice Architecture - Lecture Slides.pptx,14–15,Copenhagen airport lanes,added,chapters/40-choice-architecture.qmd#copenhagen-airport-paths,Primary practitioner report checked including nonrandom timing and social-dependence limitations,"Canonical comparison; primary verification only for additions, as documented in verification.md"
DPN-54c82e46a374,additional topics/2026/Choice Architecture - Lecture Slides.pptx,16–17,Search route and patience,strengthened,chapters/40-choice-architecture.qmd#the-plausible-path-where-architecture-enters-the-loop,Cross-link Ch20 existing experiment rather than duplicate,"Canonical comparison; primary verification only for additions, as documented in verification.md"
DPN-54c82e46a374,additional topics/2026/Choice Architecture - Lecture Slides.pptx,21–25;56;58–61,Organ donation; defaults; health insurance; deceptive choices,already-covered,chapters/40-choice-architecture.qmd#set-the-starting-point-defaults-and-active-choice,Consent not transplant success; architecture and total-cost comparison already covered; source illustrative calculator omits utilization assumptions so not copied,"Canonical comparison; primary verification only for additions, as documented in verification.md"
DPN-54c82e46a374,additional topics/2026/Choice Architecture - Lecture Slides.pptx,26–35;62–63,Controls; reminders; norms; sludge; ordering; menu eye tracking,strengthened,chapters/40-choice-architecture.qmd#menus-and-screening;chapters/40-choice-architecture.qmd#calorie-label-placement,Added multistage screening and evidence-based attention example; visual wine graph/menu path inspected but no unverified effect statistic imported,"Canonical comparison; primary verification only for additions, as documented in verification.md"
DPN-54c82e46a374,additional topics/2026/Choice Architecture - Lecture Slides.pptx,36–41;64–71,Metrics; MPG; food and energy labels; marathon goals; salary frame,already-covered,chapters/40-choice-architecture.qmd#make-consequences-understandable-mapping-and-metrics,MPG fully developed; visual-only labels inspected; salary effect lacking primary citation omitted; marathon routed to root,"Canonical comparison; primary verification only for additions, as documented in verification.md"
DPN-54c82e46a374,additional topics/2026/Choice Architecture - Lecture Slides.pptx,42–44,Choice engines; election and hurricane uncertainty,already-covered,chapters/40-choice-architecture.qmd#digital-architecture-operates-at-full-path-scale;chapters/14-base-rates-and-bayesian-updating.qmd#chapter-14-start,Governance and uncertainty covered; no new unsupported hurricane graphic inference,"Canonical comparison; primary verification only for additions, as documented in verification.md"
DPN-54c82e46a374,additional topics/2026/Choice Architecture - Lecture Slides.pptx,45–55,Saving; domains; evaluation; ethics; workshop; bibliography,already-covered,chapters/40-choice-architecture.qmd#test-and-govern-the-whole-path,Existing application cycle and practice lab serve same functions,"Canonical comparison; primary verification only for additions, as documented in verification.md"
DPN-31e0f32fb0fe,additional topics/2026/Plausible Paths - Choice Architecture (Repaired).pptx,1–7,Plausible paths; airspeed; Copenhagen airport,added,chapters/40-choice-architecture.qmd#copenhagen-airport-paths,Airport incorporated with design qualifications; airspeed omitted for focus,"Canonical comparison; primary verification only for additions, as documented in verification.md"
DPN-31e0f32fb0fe,additional topics/2026/Plausible Paths - Choice Architecture (Repaired).pptx,8–11,Search/patience; fluency; effort,strengthened,chapters/40-choice-architecture.qmd#the-plausible-path-where-architecture-enters-the-loop,Cross-link existing Ch20 mechanism,"Canonical comparison; primary verification only for additions, as documented in verification.md"
DPN-31e0f32fb0fe,additional topics/2026/Plausible Paths - Choice Architecture (Repaired).pptx,12–13,Dating platform screening,added,chapters/40-choice-architecture.qmd#menus-and-screening,Bruch primary paper checked; observational/model-based cutoffs distinguished from menu-size causality and gender universals,"Canonical comparison; primary verification only for additions, as documented in verification.md"
DPN-31e0f32fb0fe,additional topics/2026/Plausible Paths - Choice Architecture (Repaired).pptx,14–16,Design principles; class activity; references,already-covered,chapters/40-choice-architecture.qmd#practice-lab-architecture-autopsy-and-redesign,Existing design lab sufficient,"Canonical comparison; primary verification only for additions, as documented in verification.md"
BE-aa6fa610cea6,BE2026/BE06. Habits and Behavior Design.pptx,1–24,Habits; reward; access; BRAIN,already-covered,chapters/21-habits-wanting-and-self-control.qmd#chapter-21-start,Visible text reviewed; detailed notes for cross-range first section not fully reviewed by this agent; assigned to risk/social worker,"Canonical comparison; primary verification only for additions, as documented in verification.md"
BE-aa6fa610cea6,BE2026/BE06. Habits and Behavior Design.pptx,25–48,B=MAP; tiny starts; context change; nudge; vaccination; canteen,already-covered,chapters/39-behavior-design.qmd#diagnose-the-moment-with-bmap;chapters/40-choice-architecture.qmd#chapter-40-start,Visible text and detailed notes reviewed; existing book already gives current empirical limits,"Canonical comparison; primary verification only for additions, as documented in verification.md"
BE-aa6fa610cea6,BE2026/BE06. Habits and Behavior Design.pptx,49–72,Supplementary mechanisms; COM-B; bundling; studio; references,already-covered,chapters/39-behavior-design.qmd#chapter-39-start,Visible text reviewed; notes selectively read; neural material routed earlier; contemporary course deck partly derives from book,"Canonical comparison; primary verification only for additions, as documented in verification.md"
BE-35899629cc41,BE2026/BE05. Heuristics & Biases.pptx,32,Calorie label position,added,chapters/40-choice-architecture.qmd#calorie-label-placement,Dallas2019 primary plus Robertson2020 contextual contrast; no universal left-side rule,"Canonical comparison; primary verification only for additions, as documented in verification.md"
BE-35899629cc41,BE2026/BE05. Heuristics & Biases.pptx,42,Health-prime shopping flyer,added,chapters/40-choice-architecture.qmd#health-goal-cues-at-shopping,Primary99person field design checked; BMI subgroup/initial attention/purchases-only limits preserved,"Canonical comparison; primary verification only for additions, as documented in verification.md"
BE-4a225c0cc858,"Archives/02 - Attention, Heuristics and Biases/07. Cognitive Ease.pptx",49–50,Process versus outcome visualization,added,chapters/39-behavior-design.qmd#rehearse-the-process,Primary actually includes four conditions; avoid lecture blanket positive-thinking-harms claim,"Canonical comparison; primary verification only for additions, as documented in verification.md"
BE-63676b348863,"Archives/03 - Context, Habits and Choice Architecture/05. Habit and Behavior Design.pdf",1–13,Goal-directed/habit circuits and valuation,omitted-with-reason,chapters/21-habits-wanting-and-self-control.qmd#chapter-21-start,Full text reviewed; neuroscience belongs earlier; avoid equating habit with every fast action or dopamine with pleasure,"Canonical comparison; primary verification only for additions, as documented in verification.md"
DPN-99c01215553e,additional topics/How_to_Change_slides  -  Repaired.pptx,1–14,Barrier-specific behavior change,already-covered,chapters/39-behavior-design.qmd#chapter-39-start,All visible text reviewed; do not import ArielyWertenbroch2002 result because book already records2026 retraction,"Canonical comparison; primary verification only for additions, as documented in verification.md"
BE-6fdecce04f20,"Readings/01 - AI, Prediction and Complexity/Impact_ML_on_Econ_Summary.pptx",1–11,Machine learning in economics,already-covered,chapters/42-deciding-with-data-and-ai.qmd#risk-is-not-treatment-benefit,Full text/no notes; prediction versus causal identification already central; advanced nuisance estimation/bandit algorithms omitted as outside introductory chapter purpose,"Canonical comparison; primary verification only for additions, as documented in verification.md"
BE-b672ec2ff13b,"Readings/01 - AI, Prediction and Complexity/Prediction_Judgment_Complexity_Summary.pptx",1–12,Prediction; judgment; complexity; automation,already-covered,chapters/42-deciding-with-data-and-ai.qmd#separate-prediction-and-valuation,Full text/no notes; rain threshold and Flint/health cases already make complementarity concrete; model-specific firm-boundary claims not generalized,"Canonical comparison; primary verification only for additions, as documented in verification.md"
DPN-b31202504ec0,additional topics/_Needs Classification/Strategic and Data-Driven Decision Making Synthesis Deck.pptx,32–58;81–91,Analytics; measurement; visualization; noise; AI governance,already-covered,chapters/41-decision-hygiene.qmd#decision-hygiene-build-a-process-that-can-learn;chapters/42-deciding-with-data-and-ai.qmd#test-the-whole-decision,Selected visible text fully read; no new framework needed; notes and other sections title-screened only,"Canonical comparison; primary verification only for additions, as documented in verification.md"
DPN-ee0616d78efc,additional topics/2026/DPN Comprehensive Synthesis Deck.pptx,16–25;35–36;72–81,Persuasion frameworks; Switch; trust; interviewing; multiparty and AI,already-covered,chapters/30-persuasion.qmd#chapter-30-start;chapters/39-behavior-design.qmd#chapter-39-start,Selected text/notes read; omit redundant practitioner acronyms and glove/milk anecdote to preserve focus; no independent efficacy claim from summary slides,"Canonical comparison; primary verification only for additions, as documented in verification.md"
DPN-db70fb242cf3,00. Communication and Connection.pptx,85–94,Appreciation; secrets; shared joy; help; emotional support,already-covered,chapters/34-connection.qmd#chapter-34-start,Selected text read; existing book has good-news response and primary-supported appreciation/help; sweeping physiological/praise claims not imported,"Canonical comparison; primary verification only for additions, as documented in verification.md"
