series,time_et,value,unit,field
kalshi,2024-11-05T18:00:00-05:00,59.0,cents,close
kalshi,2024-11-05T18:01:00-05:00,59.0,cents,close
kalshi,2024-11-05T18:02:00-05:00,59.0,cents,close
kalshi,2024-11-05T18:03:00-05:00,59.0,cents,close
kalshi,2024-11-05T18:04:00-05:00,59.0,cents,close
kalshi,2024-11-05T18:05:00-05:00,59.0,cents,close
kalshi,2024-11-05T18:06:00-05:00,59.0,cents,close
kalshi,2024-11-05T18:07:00-05:00,59.0,cents,close
kalshi,2024-11-05T18:08:00-05:00,59.0,cents,close
kalshi,2024-11-05T18:09:00-05:00,59.0,cents,close
kalshi,2024-11-05T18:10:00-05:00,59.0,cents,close
kalshi,2024-11-05T18:11:00-05:00,59.0,cents,close
kalshi,2024-11-05T18:12:00-05:00,59.0,cents,close
kalshi,2024-11-05T18:13:00-05:00,56.99999999999999,cents,close
kalshi,2024-11-05T18:14:00-05:00,57.99999999999999,cents,close
kalshi,2024-11-05T18:15:00-05:00,59.0,cents,close
kalshi,2024-11-05T18:16:00-05:00,56.99999999999999,cents,close
kalshi,2024-11-05T18:17:00-05:00,57.99999999999999,cents,close
kalshi,2024-11-05T18:18:00-05:00,59.0,cents,close
kalshi,2024-11-05T18:19:00-05:00,59.0,cents,close
kalshi,2024-11-05T18:20:00-05:00,59.0,cents,close
kalshi,2024-11-05T18:21:00-05:00,59.0,cents,close
kalshi,2024-11-05T18:22:00-05:00,59.0,cents,close
kalshi,2024-11-05T18:23:00-05:00,59.0,cents,close
kalshi,2024-11-05T18:24:00-05:00,59.0,cents,close
kalshi,2024-11-05T18:25:00-05:00,59.0,cents,close
kalshi,2024-11-05T18:26:00-05:00,56.99999999999999,cents,close
kalshi,2024-11-05T18:27:00-05:00,59.0,cents,close
kalshi,2024-11-05T18:28:00-05:00,59.0,cents,close
kalshi,2024-11-05T18:29:00-05:00,59.0,cents,close
kalshi,2024-11-05T18:30:00-05:00,59.0,cents,close
kalshi,2024-11-05T18:31:00-05:00,59.0,cents,close
kalshi,2024-11-05T18:32:00-05:00,59.0,cents,close
kalshi,2024-11-05T18:33:00-05:00,59.0,cents,close
kalshi,2024-11-05T18:34:00-05:00,57.99999999999999,cents,close
kalshi,2024-11-05T18:35:00-05:00,57.99999999999999,cents,close
kalshi,2024-11-05T18:36:00-05:00,59.0,cents,close
kalshi,2024-11-05T18:37:00-05:00,59.0,cents,close
kalshi,2024-11-05T18:38:00-05:00,59.0,cents,close
kalshi,2024-11-05T18:39:00-05:00,57.99999999999999,cents,close
kalshi,2024-11-05T18:40:00-05:00,56.99999999999999,cents,close
kalshi,2024-11-05T18:41:00-05:00,57.99999999999999,cents,close
kalshi,2024-11-05T18:42:00-05:00,56.00000000000001,cents,close
kalshi,2024-11-05T18:43:00-05:00,56.00000000000001,cents,close
kalshi,2024-11-05T18:44:00-05:00,56.99999999999999,cents,close
kalshi,2024-11-05T18:45:00-05:00,56.99999999999999,cents,close
kalshi,2024-11-05T18:46:00-05:00,56.99999999999999,cents,close
kalshi,2024-11-05T18:47:00-05:00,56.00000000000001,cents,close
kalshi,2024-11-05T18:48:00-05:00,56.00000000000001,cents,close
kalshi,2024-11-05T18:49:00-05:00,57.99999999999999,cents,close
kalshi,2024-11-05T18:50:00-05:00,56.99999999999999,cents,close
kalshi,2024-11-05T18:51:00-05:00,56.00000000000001,cents,close
kalshi,2024-11-05T18:52:00-05:00,55.00000000000001,cents,close
kalshi,2024-11-05T18:53:00-05:00,55.00000000000001,cents,close
kalshi,2024-11-05T18:54:00-05:00,56.00000000000001,cents,close
kalshi,2024-11-05T18:55:00-05:00,56.00000000000001,cents,close
kalshi,2024-11-05T18:56:00-05:00,56.99999999999999,cents,close
kalshi,2024-11-05T18:57:00-05:00,56.99999999999999,cents,close
kalshi,2024-11-05T18:58:00-05:00,56.00000000000001,cents,close
kalshi,2024-11-05T18:59:00-05:00,56.99999999999999,cents,close
kalshi,2024-11-05T19:00:00-05:00,55.00000000000001,cents,close
kalshi,2024-11-05T19:01:00-05:00,56.00000000000001,cents,close
kalshi,2024-11-05T19:02:00-05:00,55.00000000000001,cents,close
kalshi,2024-11-05T19:03:00-05:00,56.99999999999999,cents,close
kalshi,2024-11-05T19:04:00-05:00,56.99999999999999,cents,close
kalshi,2024-11-05T19:05:00-05:00,57.99999999999999,cents,close
kalshi,2024-11-05T19:06:00-05:00,56.99999999999999,cents,close
kalshi,2024-11-05T19:07:00-05:00,57.99999999999999,cents,close
kalshi,2024-11-05T19:08:00-05:00,57.99999999999999,cents,close
kalshi,2024-11-05T19:09:00-05:00,57.99999999999999,cents,close
kalshi,2024-11-05T19:10:00-05:00,56.99999999999999,cents,close
kalshi,2024-11-05T19:11:00-05:00,57.99999999999999,cents,close
kalshi,2024-11-05T19:12:00-05:00,55.00000000000001,cents,close
kalshi,2024-11-05T19:13:00-05:00,56.99999999999999,cents,close
kalshi,2024-11-05T19:14:00-05:00,57.99999999999999,cents,close
kalshi,2024-11-05T19:15:00-05:00,55.00000000000001,cents,close
kalshi,2024-11-05T19:16:00-05:00,56.00000000000001,cents,close
kalshi,2024-11-05T19:17:00-05:00,57.99999999999999,cents,close
kalshi,2024-11-05T19:18:00-05:00,56.00000000000001,cents,close
kalshi,2024-11-05T19:19:00-05:00,57.99999999999999,cents,close
kalshi,2024-11-05T19:20:00-05:00,56.00000000000001,cents,close
kalshi,2024-11-05T19:21:00-05:00,56.99999999999999,cents,close
kalshi,2024-11-05T19:22:00-05:00,57.99999999999999,cents,close
kalshi,2024-11-05T19:23:00-05:00,57.99999999999999,cents,close
kalshi,2024-11-05T19:24:00-05:00,57.99999999999999,cents,close
kalshi,2024-11-05T19:25:00-05:00,56.99999999999999,cents,close
kalshi,2024-11-05T19:26:00-05:00,59.0,cents,close
kalshi,2024-11-05T19:27:00-05:00,57.99999999999999,cents,close
kalshi,2024-11-05T19:28:00-05:00,57.99999999999999,cents,close
kalshi,2024-11-05T19:29:00-05:00,57.99999999999999,cents,close
kalshi,2024-11-05T19:30:00-05:00,59.0,cents,close
kalshi,2024-11-05T19:31:00-05:00,59.0,cents,close
kalshi,2024-11-05T19:32:00-05:00,59.0,cents,close
kalshi,2024-11-05T19:33:00-05:00,59.0,cents,close
kalshi,2024-11-05T19:34:00-05:00,59.0,cents,close
kalshi,2024-11-05T19:35:00-05:00,60.0,cents,close
kalshi,2024-11-05T19:36:00-05:00,62.0,cents,close
kalshi,2024-11-05T19:37:00-05:00,65.0,cents,close
kalshi,2024-11-05T19:38:00-05:00,66.0,cents,close
kalshi,2024-11-05T19:39:00-05:00,65.0,cents,close
kalshi,2024-11-05T19:40:00-05:00,65.0,cents,close
kalshi,2024-11-05T19:41:00-05:00,63.0,cents,close
kalshi,2024-11-05T19:42:00-05:00,65.0,cents,close
kalshi,2024-11-05T19:43:00-05:00,67.0,cents,close
kalshi,2024-11-05T19:44:00-05:00,66.0,cents,close
kalshi,2024-11-05T19:45:00-05:00,68.0,cents,close
kalshi,2024-11-05T19:46:00-05:00,67.0,cents,close
kalshi,2024-11-05T19:47:00-05:00,67.0,cents,close
kalshi,2024-11-05T19:48:00-05:00,65.0,cents,close
kalshi,2024-11-05T19:49:00-05:00,65.0,cents,close
kalshi,2024-11-05T19:50:00-05:00,65.0,cents,close
kalshi,2024-11-05T19:51:00-05:00,65.0,cents,close
kalshi,2024-11-05T19:52:00-05:00,66.0,cents,close
kalshi,2024-11-05T19:53:00-05:00,66.0,cents,close
kalshi,2024-11-05T19:54:00-05:00,65.0,cents,close
kalshi,2024-11-05T19:55:00-05:00,65.0,cents,close
kalshi,2024-11-05T19:56:00-05:00,65.0,cents,close
kalshi,2024-11-05T19:57:00-05:00,65.0,cents,close
kalshi,2024-11-05T19:58:00-05:00,65.0,cents,close
kalshi,2024-11-05T19:59:00-05:00,67.0,cents,close
kalshi,2024-11-05T20:00:00-05:00,67.0,cents,close
kalshi,2024-11-05T20:01:00-05:00,69.0,cents,close
kalshi,2024-11-05T20:02:00-05:00,68.0,cents,close
kalshi,2024-11-05T20:03:00-05:00,70.0,cents,close
kalshi,2024-11-05T20:04:00-05:00,67.0,cents,close
kalshi,2024-11-05T20:05:00-05:00,68.0,cents,close
kalshi,2024-11-05T20:06:00-05:00,68.0,cents,close
kalshi,2024-11-05T20:07:00-05:00,69.0,cents,close
kalshi,2024-11-05T20:08:00-05:00,68.0,cents,close
kalshi,2024-11-05T20:09:00-05:00,69.0,cents,close
kalshi,2024-11-05T20:10:00-05:00,70.0,cents,close
kalshi,2024-11-05T20:11:00-05:00,67.0,cents,close
kalshi,2024-11-05T20:12:00-05:00,67.0,cents,close
kalshi,2024-11-05T20:13:00-05:00,65.0,cents,close
kalshi,2024-11-05T20:14:00-05:00,67.0,cents,close
kalshi,2024-11-05T20:15:00-05:00,67.0,cents,close
kalshi,2024-11-05T20:16:00-05:00,67.0,cents,close
kalshi,2024-11-05T20:17:00-05:00,68.0,cents,close
kalshi,2024-11-05T20:18:00-05:00,66.0,cents,close
kalshi,2024-11-05T20:19:00-05:00,66.0,cents,close
kalshi,2024-11-05T20:20:00-05:00,67.0,cents,close
kalshi,2024-11-05T20:21:00-05:00,67.0,cents,close
kalshi,2024-11-05T20:22:00-05:00,66.0,cents,close
kalshi,2024-11-05T20:23:00-05:00,66.0,cents,close
kalshi,2024-11-05T20:24:00-05:00,66.0,cents,close
kalshi,2024-11-05T20:25:00-05:00,67.0,cents,close
kalshi,2024-11-05T20:26:00-05:00,65.0,cents,close
kalshi,2024-11-05T20:27:00-05:00,67.0,cents,close
kalshi,2024-11-05T20:28:00-05:00,65.0,cents,close
kalshi,2024-11-05T20:29:00-05:00,66.0,cents,close
kalshi,2024-11-05T20:30:00-05:00,67.0,cents,close
kalshi,2024-11-05T20:31:00-05:00,67.0,cents,close
kalshi,2024-11-05T20:32:00-05:00,67.0,cents,close
kalshi,2024-11-05T20:33:00-05:00,67.0,cents,close
kalshi,2024-11-05T20:34:00-05:00,67.0,cents,close
kalshi,2024-11-05T20:35:00-05:00,68.0,cents,close
kalshi,2024-11-05T20:36:00-05:00,68.0,cents,close
kalshi,2024-11-05T20:37:00-05:00,68.0,cents,close
kalshi,2024-11-05T20:38:00-05:00,67.0,cents,close
kalshi,2024-11-05T20:39:00-05:00,68.0,cents,close
kalshi,2024-11-05T20:40:00-05:00,68.0,cents,close
kalshi,2024-11-05T20:41:00-05:00,68.0,cents,close
kalshi,2024-11-05T20:42:00-05:00,68.0,cents,close
kalshi,2024-11-05T20:43:00-05:00,68.0,cents,close
kalshi,2024-11-05T20:44:00-05:00,69.0,cents,close
kalshi,2024-11-05T20:45:00-05:00,67.0,cents,close
kalshi,2024-11-05T20:46:00-05:00,68.0,cents,close
kalshi,2024-11-05T20:47:00-05:00,71.0,cents,close
kalshi,2024-11-05T20:48:00-05:00,71.0,cents,close
kalshi,2024-11-05T20:49:00-05:00,72.0,cents,close
kalshi,2024-11-05T20:50:00-05:00,72.0,cents,close
kalshi,2024-11-05T20:51:00-05:00,70.0,cents,close
kalshi,2024-11-05T20:52:00-05:00,72.0,cents,close
kalshi,2024-11-05T20:53:00-05:00,72.0,cents,close
kalshi,2024-11-05T20:54:00-05:00,72.0,cents,close
kalshi,2024-11-05T20:55:00-05:00,70.0,cents,close
kalshi,2024-11-05T20:56:00-05:00,70.0,cents,close
kalshi,2024-11-05T20:57:00-05:00,69.0,cents,close
kalshi,2024-11-05T20:58:00-05:00,70.0,cents,close
kalshi,2024-11-05T20:59:00-05:00,69.0,cents,close
kalshi,2024-11-05T21:00:00-05:00,70.0,cents,close
kalshi,2024-11-05T21:01:00-05:00,68.0,cents,close
kalshi,2024-11-05T21:02:00-05:00,69.0,cents,close
kalshi,2024-11-05T21:03:00-05:00,69.0,cents,close
kalshi,2024-11-05T21:04:00-05:00,68.0,cents,close
kalshi,2024-11-05T21:05:00-05:00,68.0,cents,close
kalshi,2024-11-05T21:06:00-05:00,68.0,cents,close
kalshi,2024-11-05T21:07:00-05:00,68.0,cents,close
kalshi,2024-11-05T21:08:00-05:00,68.0,cents,close
kalshi,2024-11-05T21:09:00-05:00,68.0,cents,close
kalshi,2024-11-05T21:10:00-05:00,68.0,cents,close
kalshi,2024-11-05T21:11:00-05:00,69.0,cents,close
kalshi,2024-11-05T21:12:00-05:00,69.0,cents,close
kalshi,2024-11-05T21:13:00-05:00,69.0,cents,close
kalshi,2024-11-05T21:14:00-05:00,69.0,cents,close
kalshi,2024-11-05T21:15:00-05:00,69.0,cents,close
kalshi,2024-11-05T21:16:00-05:00,67.0,cents,close
kalshi,2024-11-05T21:17:00-05:00,70.0,cents,close
kalshi,2024-11-05T21:18:00-05:00,71.0,cents,close
kalshi,2024-11-05T21:19:00-05:00,70.0,cents,close
kalshi,2024-11-05T21:20:00-05:00,71.0,cents,close
kalshi,2024-11-05T21:21:00-05:00,71.0,cents,close
kalshi,2024-11-05T21:22:00-05:00,73.0,cents,close
kalshi,2024-11-05T21:23:00-05:00,74.0,cents,close
kalshi,2024-11-05T21:24:00-05:00,74.0,cents,close
kalshi,2024-11-05T21:25:00-05:00,74.0,cents,close
kalshi,2024-11-05T21:26:00-05:00,75.0,cents,close
kalshi,2024-11-05T21:27:00-05:00,75.0,cents,close
kalshi,2024-11-05T21:28:00-05:00,74.0,cents,close
kalshi,2024-11-05T21:29:00-05:00,75.0,cents,close
kalshi,2024-11-05T21:30:00-05:00,74.0,cents,close
kalshi,2024-11-05T21:31:00-05:00,75.0,cents,close
kalshi,2024-11-05T21:32:00-05:00,74.0,cents,close
kalshi,2024-11-05T21:33:00-05:00,75.0,cents,close
kalshi,2024-11-05T21:34:00-05:00,73.0,cents,close
kalshi,2024-11-05T21:35:00-05:00,74.0,cents,close
kalshi,2024-11-05T21:36:00-05:00,76.0,cents,close
kalshi,2024-11-05T21:37:00-05:00,75.0,cents,close
kalshi,2024-11-05T21:38:00-05:00,74.0,cents,close
kalshi,2024-11-05T21:39:00-05:00,73.0,cents,close
kalshi,2024-11-05T21:40:00-05:00,74.0,cents,close
kalshi,2024-11-05T21:41:00-05:00,74.0,cents,close
kalshi,2024-11-05T21:42:00-05:00,75.0,cents,close
kalshi,2024-11-05T21:43:00-05:00,73.0,cents,close
kalshi,2024-11-05T21:44:00-05:00,75.0,cents,close
kalshi,2024-11-05T21:45:00-05:00,74.0,cents,close
kalshi,2024-11-05T21:46:00-05:00,75.0,cents,close
kalshi,2024-11-05T21:47:00-05:00,75.0,cents,close
kalshi,2024-11-05T21:48:00-05:00,76.0,cents,close
kalshi,2024-11-05T21:49:00-05:00,76.0,cents,close
kalshi,2024-11-05T21:50:00-05:00,76.0,cents,close
kalshi,2024-11-05T21:51:00-05:00,76.0,cents,close
kalshi,2024-11-05T21:52:00-05:00,78.0,cents,close
kalshi,2024-11-05T21:53:00-05:00,79.0,cents,close
kalshi,2024-11-05T21:54:00-05:00,79.0,cents,close
kalshi,2024-11-05T21:55:00-05:00,78.0,cents,close
kalshi,2024-11-05T21:56:00-05:00,81.0,cents,close
kalshi,2024-11-05T21:57:00-05:00,79.0,cents,close
kalshi,2024-11-05T21:58:00-05:00,82.0,cents,close
kalshi,2024-11-05T21:59:00-05:00,83.0,cents,close
kalshi,2024-11-05T22:00:00-05:00,81.0,cents,close
kalshi,2024-11-05T22:01:00-05:00,83.0,cents,close
kalshi,2024-11-05T22:02:00-05:00,86.0,cents,close
kalshi,2024-11-05T22:03:00-05:00,86.0,cents,close
kalshi,2024-11-05T22:04:00-05:00,83.0,cents,close
kalshi,2024-11-05T22:05:00-05:00,83.0,cents,close
kalshi,2024-11-05T22:06:00-05:00,86.0,cents,close
kalshi,2024-11-05T22:07:00-05:00,83.0,cents,close
kalshi,2024-11-05T22:08:00-05:00,85.0,cents,close
kalshi,2024-11-05T22:09:00-05:00,86.0,cents,close
kalshi,2024-11-05T22:10:00-05:00,83.0,cents,close
kalshi,2024-11-05T22:11:00-05:00,85.0,cents,close
kalshi,2024-11-05T22:12:00-05:00,83.0,cents,close
kalshi,2024-11-05T22:13:00-05:00,84.0,cents,close
kalshi,2024-11-05T22:14:00-05:00,86.0,cents,close
kalshi,2024-11-05T22:15:00-05:00,86.0,cents,close
kalshi,2024-11-05T22:16:00-05:00,89.0,cents,close
kalshi,2024-11-05T22:17:00-05:00,88.0,cents,close
kalshi,2024-11-05T22:18:00-05:00,86.0,cents,close
kalshi,2024-11-05T22:19:00-05:00,85.0,cents,close
kalshi,2024-11-05T22:20:00-05:00,85.0,cents,close
kalshi,2024-11-05T22:21:00-05:00,83.0,cents,close
kalshi,2024-11-05T22:22:00-05:00,84.0,cents,close
kalshi,2024-11-05T22:23:00-05:00,83.0,cents,close
kalshi,2024-11-05T22:24:00-05:00,84.0,cents,close
kalshi,2024-11-05T22:25:00-05:00,84.0,cents,close
kalshi,2024-11-05T22:26:00-05:00,84.0,cents,close
kalshi,2024-11-05T22:27:00-05:00,84.0,cents,close
kalshi,2024-11-05T22:28:00-05:00,84.0,cents,close
kalshi,2024-11-05T22:29:00-05:00,84.0,cents,close
kalshi,2024-11-05T22:30:00-05:00,84.0,cents,close
kalshi,2024-11-05T22:31:00-05:00,85.0,cents,close
kalshi,2024-11-05T22:32:00-05:00,84.0,cents,close
kalshi,2024-11-05T22:33:00-05:00,84.0,cents,close
kalshi,2024-11-05T22:34:00-05:00,84.0,cents,close
kalshi,2024-11-05T22:35:00-05:00,88.0,cents,close
kalshi,2024-11-05T22:36:00-05:00,88.0,cents,close
kalshi,2024-11-05T22:37:00-05:00,88.0,cents,close
kalshi,2024-11-05T22:38:00-05:00,88.0,cents,close
kalshi,2024-11-05T22:39:00-05:00,88.0,cents,close
kalshi,2024-11-05T22:40:00-05:00,89.0,cents,close
kalshi,2024-11-05T22:41:00-05:00,87.0,cents,close
kalshi,2024-11-05T22:42:00-05:00,91.0,cents,close
kalshi,2024-11-05T22:43:00-05:00,88.0,cents,close
kalshi,2024-11-05T22:44:00-05:00,89.0,cents,close
kalshi,2024-11-05T22:45:00-05:00,89.0,cents,close
kalshi,2024-11-05T22:46:00-05:00,89.0,cents,close
kalshi,2024-11-05T22:47:00-05:00,90.0,cents,close
kalshi,2024-11-05T22:48:00-05:00,89.0,cents,close
kalshi,2024-11-05T22:49:00-05:00,89.0,cents,close
kalshi,2024-11-05T22:50:00-05:00,89.0,cents,close
kalshi,2024-11-05T22:51:00-05:00,89.0,cents,close
kalshi,2024-11-05T22:52:00-05:00,90.0,cents,close
kalshi,2024-11-05T22:53:00-05:00,90.0,cents,close
kalshi,2024-11-05T22:54:00-05:00,91.0,cents,close
kalshi,2024-11-05T22:55:00-05:00,91.0,cents,close
kalshi,2024-11-05T22:56:00-05:00,91.0,cents,close
kalshi,2024-11-05T22:57:00-05:00,91.0,cents,close
kalshi,2024-11-05T22:58:00-05:00,90.0,cents,close
kalshi,2024-11-05T22:59:00-05:00,89.0,cents,close
kalshi,2024-11-05T23:00:00-05:00,90.0,cents,close
kalshi,2024-11-05T23:01:00-05:00,92.0,cents,close
kalshi,2024-11-05T23:02:00-05:00,91.0,cents,close
kalshi,2024-11-05T23:03:00-05:00,90.0,cents,close
kalshi,2024-11-05T23:04:00-05:00,90.0,cents,close
kalshi,2024-11-05T23:05:00-05:00,91.0,cents,close
kalshi,2024-11-05T23:06:00-05:00,90.0,cents,close
kalshi,2024-11-05T23:07:00-05:00,90.0,cents,close
kalshi,2024-11-05T23:08:00-05:00,90.0,cents,close
kalshi,2024-11-05T23:09:00-05:00,92.0,cents,close
kalshi,2024-11-05T23:10:00-05:00,91.0,cents,close
kalshi,2024-11-05T23:11:00-05:00,91.0,cents,close
kalshi,2024-11-05T23:12:00-05:00,92.0,cents,close
kalshi,2024-11-05T23:13:00-05:00,90.0,cents,close
kalshi,2024-11-05T23:14:00-05:00,91.0,cents,close
kalshi,2024-11-05T23:15:00-05:00,92.0,cents,close
kalshi,2024-11-05T23:16:00-05:00,91.0,cents,close
kalshi,2024-11-05T23:17:00-05:00,91.0,cents,close
kalshi,2024-11-05T23:18:00-05:00,91.0,cents,close
kalshi,2024-11-05T23:19:00-05:00,91.0,cents,close
kalshi,2024-11-05T23:20:00-05:00,93.0,cents,close
kalshi,2024-11-05T23:21:00-05:00,92.0,cents,close
kalshi,2024-11-05T23:22:00-05:00,93.0,cents,close
kalshi,2024-11-05T23:23:00-05:00,94.0,cents,close
kalshi,2024-11-05T23:24:00-05:00,94.0,cents,close
kalshi,2024-11-05T23:25:00-05:00,93.0,cents,close
kalshi,2024-11-05T23:26:00-05:00,93.0,cents,close
kalshi,2024-11-05T23:27:00-05:00,94.0,cents,close
kalshi,2024-11-05T23:28:00-05:00,93.0,cents,close
kalshi,2024-11-05T23:29:00-05:00,93.0,cents,close
kalshi,2024-11-05T23:30:00-05:00,95.0,cents,close
kalshi,2024-11-05T23:31:00-05:00,95.0,cents,close
kalshi,2024-11-05T23:32:00-05:00,93.0,cents,close
kalshi,2024-11-05T23:33:00-05:00,93.0,cents,close
kalshi,2024-11-05T23:34:00-05:00,94.0,cents,close
kalshi,2024-11-05T23:35:00-05:00,94.0,cents,close
kalshi,2024-11-05T23:36:00-05:00,92.0,cents,close
kalshi,2024-11-05T23:37:00-05:00,92.0,cents,close
kalshi,2024-11-05T23:38:00-05:00,94.0,cents,close
kalshi,2024-11-05T23:39:00-05:00,93.0,cents,close
kalshi,2024-11-05T23:40:00-05:00,92.0,cents,close
kalshi,2024-11-05T23:41:00-05:00,92.0,cents,close
kalshi,2024-11-05T23:42:00-05:00,92.0,cents,close
kalshi,2024-11-05T23:43:00-05:00,93.0,cents,close
kalshi,2024-11-05T23:44:00-05:00,93.0,cents,close
kalshi,2024-11-05T23:45:00-05:00,94.0,cents,close
kalshi,2024-11-05T23:46:00-05:00,93.0,cents,close
kalshi,2024-11-05T23:47:00-05:00,94.0,cents,close
kalshi,2024-11-05T23:48:00-05:00,93.0,cents,close
kalshi,2024-11-05T23:49:00-05:00,93.0,cents,close
kalshi,2024-11-05T23:50:00-05:00,95.0,cents,close
kalshi,2024-11-05T23:51:00-05:00,94.0,cents,close
kalshi,2024-11-05T23:52:00-05:00,94.0,cents,close
kalshi,2024-11-05T23:53:00-05:00,94.0,cents,close
kalshi,2024-11-05T23:54:00-05:00,94.0,cents,close
kalshi,2024-11-05T23:55:00-05:00,94.0,cents,close
kalshi,2024-11-05T23:56:00-05:00,94.0,cents,close
kalshi,2024-11-05T23:57:00-05:00,95.0,cents,close
kalshi,2024-11-05T23:58:00-05:00,93.0,cents,close
kalshi,2024-11-05T23:59:00-05:00,93.0,cents,close
kalshi,2024-11-06T00:00:00-05:00,95.0,cents,close
kalshi,2024-11-06T00:01:00-05:00,93.0,cents,close
kalshi,2024-11-06T00:02:00-05:00,94.0,cents,close
kalshi,2024-11-06T00:03:00-05:00,95.0,cents,close
kalshi,2024-11-06T00:04:00-05:00,94.0,cents,close
kalshi,2024-11-06T00:05:00-05:00,93.0,cents,close
kalshi,2024-11-06T00:06:00-05:00,93.0,cents,close
kalshi,2024-11-06T00:07:00-05:00,94.0,cents,close
kalshi,2024-11-06T00:08:00-05:00,94.0,cents,close
kalshi,2024-11-06T00:09:00-05:00,93.0,cents,close
kalshi,2024-11-06T00:10:00-05:00,94.0,cents,close
kalshi,2024-11-06T00:11:00-05:00,93.0,cents,close
kalshi,2024-11-06T00:12:00-05:00,94.0,cents,close
kalshi,2024-11-06T00:13:00-05:00,93.0,cents,close
kalshi,2024-11-06T00:14:00-05:00,93.0,cents,close
kalshi,2024-11-06T00:15:00-05:00,93.0,cents,close
kalshi,2024-11-06T00:16:00-05:00,93.0,cents,close
kalshi,2024-11-06T00:17:00-05:00,93.0,cents,close
kalshi,2024-11-06T00:18:00-05:00,93.0,cents,close
kalshi,2024-11-06T00:19:00-05:00,94.0,cents,close
kalshi,2024-11-06T00:20:00-05:00,94.0,cents,close
kalshi,2024-11-06T00:21:00-05:00,94.0,cents,close
kalshi,2024-11-06T00:22:00-05:00,93.0,cents,close
kalshi,2024-11-06T00:23:00-05:00,93.0,cents,close
kalshi,2024-11-06T00:24:00-05:00,93.0,cents,close
kalshi,2024-11-06T00:25:00-05:00,94.0,cents,close
kalshi,2024-11-06T00:26:00-05:00,93.0,cents,close
kalshi,2024-11-06T00:27:00-05:00,94.0,cents,close
kalshi,2024-11-06T00:28:00-05:00,94.0,cents,close
kalshi,2024-11-06T00:29:00-05:00,94.0,cents,close
kalshi,2024-11-06T00:30:00-05:00,93.0,cents,close
kalshi,2024-11-06T00:31:00-05:00,94.0,cents,close
kalshi,2024-11-06T00:32:00-05:00,93.0,cents,close
kalshi,2024-11-06T00:33:00-05:00,94.0,cents,close
kalshi,2024-11-06T00:34:00-05:00,93.0,cents,close
kalshi,2024-11-06T00:35:00-05:00,95.0,cents,close
kalshi,2024-11-06T00:36:00-05:00,94.0,cents,close
kalshi,2024-11-06T00:37:00-05:00,95.0,cents,close
kalshi,2024-11-06T00:38:00-05:00,95.0,cents,close
kalshi,2024-11-06T00:39:00-05:00,94.0,cents,close
kalshi,2024-11-06T00:40:00-05:00,94.0,cents,close
kalshi,2024-11-06T00:41:00-05:00,95.0,cents,close
kalshi,2024-11-06T00:42:00-05:00,95.0,cents,close
kalshi,2024-11-06T00:43:00-05:00,94.0,cents,close
kalshi,2024-11-06T00:44:00-05:00,95.0,cents,close
kalshi,2024-11-06T00:45:00-05:00,95.0,cents,close
kalshi,2024-11-06T00:46:00-05:00,95.0,cents,close
kalshi,2024-11-06T00:47:00-05:00,95.0,cents,close
kalshi,2024-11-06T00:48:00-05:00,96.0,cents,close
kalshi,2024-11-06T00:49:00-05:00,94.0,cents,close
kalshi,2024-11-06T00:50:00-05:00,94.0,cents,close
kalshi,2024-11-06T00:51:00-05:00,96.0,cents,close
kalshi,2024-11-06T00:52:00-05:00,96.0,cents,close
kalshi,2024-11-06T00:53:00-05:00,96.0,cents,close
kalshi,2024-11-06T00:54:00-05:00,95.0,cents,close
kalshi,2024-11-06T00:55:00-05:00,97.0,cents,close
kalshi,2024-11-06T00:56:00-05:00,97.0,cents,close
kalshi,2024-11-06T00:57:00-05:00,97.0,cents,close
kalshi,2024-11-06T00:58:00-05:00,96.0,cents,close
kalshi,2024-11-06T00:59:00-05:00,97.0,cents,close
kalshi,2024-11-06T01:00:00-05:00,96.0,cents,close
kalshi,2024-11-06T01:01:00-05:00,96.0,cents,close
kalshi,2024-11-06T01:02:00-05:00,96.0,cents,close
kalshi,2024-11-06T01:03:00-05:00,96.0,cents,close
kalshi,2024-11-06T01:04:00-05:00,97.0,cents,close
kalshi,2024-11-06T01:05:00-05:00,96.0,cents,close
kalshi,2024-11-06T01:06:00-05:00,96.0,cents,close
kalshi,2024-11-06T01:07:00-05:00,96.0,cents,close
kalshi,2024-11-06T01:08:00-05:00,96.0,cents,close
kalshi,2024-11-06T01:09:00-05:00,96.0,cents,close
kalshi,2024-11-06T01:10:00-05:00,96.0,cents,close
kalshi,2024-11-06T01:11:00-05:00,97.0,cents,close
kalshi,2024-11-06T01:12:00-05:00,96.0,cents,close
kalshi,2024-11-06T01:13:00-05:00,96.0,cents,close
kalshi,2024-11-06T01:14:00-05:00,97.0,cents,close
kalshi,2024-11-06T01:15:00-05:00,97.0,cents,close
kalshi,2024-11-06T01:16:00-05:00,96.0,cents,close
kalshi,2024-11-06T01:17:00-05:00,96.0,cents,close
kalshi,2024-11-06T01:18:00-05:00,96.0,cents,close
kalshi,2024-11-06T01:19:00-05:00,96.0,cents,close
kalshi,2024-11-06T01:20:00-05:00,96.0,cents,close
kalshi,2024-11-06T01:21:00-05:00,96.0,cents,close
kalshi,2024-11-06T01:22:00-05:00,97.0,cents,close
kalshi,2024-11-06T01:23:00-05:00,97.0,cents,close
kalshi,2024-11-06T01:24:00-05:00,97.0,cents,close
kalshi,2024-11-06T01:25:00-05:00,96.0,cents,close
kalshi,2024-11-06T01:26:00-05:00,96.0,cents,close
kalshi,2024-11-06T01:27:00-05:00,97.0,cents,close
kalshi,2024-11-06T01:28:00-05:00,98.0,cents,close
kalshi,2024-11-06T01:29:00-05:00,97.0,cents,close
kalshi,2024-11-06T01:30:00-05:00,97.0,cents,close
kalshi,2024-11-06T01:31:00-05:00,98.0,cents,close
kalshi,2024-11-06T01:32:00-05:00,99.0,cents,close
kalshi,2024-11-06T01:33:00-05:00,98.0,cents,close
kalshi,2024-11-06T01:34:00-05:00,98.0,cents,close
kalshi,2024-11-06T01:35:00-05:00,99.0,cents,close
kalshi,2024-11-06T01:36:00-05:00,98.0,cents,close
kalshi,2024-11-06T01:37:00-05:00,99.0,cents,close
kalshi,2024-11-06T01:38:00-05:00,98.0,cents,close
kalshi,2024-11-06T01:39:00-05:00,97.0,cents,close
kalshi,2024-11-06T01:40:00-05:00,97.0,cents,close
kalshi,2024-11-06T01:41:00-05:00,97.0,cents,close
kalshi,2024-11-06T01:42:00-05:00,98.0,cents,close
kalshi,2024-11-06T01:43:00-05:00,97.0,cents,close
kalshi,2024-11-06T01:44:00-05:00,97.0,cents,close
kalshi,2024-11-06T01:45:00-05:00,97.0,cents,close
kalshi,2024-11-06T01:46:00-05:00,99.0,cents,close
kalshi,2024-11-06T01:47:00-05:00,99.0,cents,close
kalshi,2024-11-06T01:48:00-05:00,98.0,cents,close
kalshi,2024-11-06T01:49:00-05:00,97.0,cents,close
kalshi,2024-11-06T01:50:00-05:00,97.0,cents,close
kalshi,2024-11-06T01:51:00-05:00,97.0,cents,close
kalshi,2024-11-06T01:52:00-05:00,98.0,cents,close
kalshi,2024-11-06T01:53:00-05:00,97.0,cents,close
kalshi,2024-11-06T01:54:00-05:00,97.0,cents,close
kalshi,2024-11-06T01:55:00-05:00,98.0,cents,close
kalshi,2024-11-06T01:56:00-05:00,97.0,cents,close
kalshi,2024-11-06T01:57:00-05:00,97.0,cents,close
kalshi,2024-11-06T01:58:00-05:00,97.0,cents,close
kalshi,2024-11-06T01:59:00-05:00,97.0,cents,close
kalshi,2024-11-06T02:00:00-05:00,97.0,cents,close
kalshi,2024-11-06T02:01:00-05:00,98.0,cents,close
kalshi,2024-11-06T02:02:00-05:00,97.0,cents,close
kalshi,2024-11-06T02:03:00-05:00,97.0,cents,close
kalshi,2024-11-06T02:04:00-05:00,97.0,cents,close
kalshi,2024-11-06T02:05:00-05:00,97.0,cents,close
kalshi,2024-11-06T02:06:00-05:00,97.0,cents,close
kalshi,2024-11-06T02:07:00-05:00,98.0,cents,close
kalshi,2024-11-06T02:08:00-05:00,97.0,cents,close
kalshi,2024-11-06T02:09:00-05:00,97.0,cents,close
kalshi,2024-11-06T02:10:00-05:00,97.0,cents,close
kalshi,2024-11-06T02:11:00-05:00,97.0,cents,close
kalshi,2024-11-06T02:12:00-05:00,97.0,cents,close
kalshi,2024-11-06T02:13:00-05:00,97.0,cents,close
kalshi,2024-11-06T02:14:00-05:00,97.0,cents,close
kalshi,2024-11-06T02:15:00-05:00,98.0,cents,close
kalshi,2024-11-06T02:16:00-05:00,97.0,cents,close
kalshi,2024-11-06T02:17:00-05:00,97.0,cents,close
kalshi,2024-11-06T02:18:00-05:00,97.0,cents,close
kalshi,2024-11-06T02:19:00-05:00,97.0,cents,close
kalshi,2024-11-06T02:20:00-05:00,97.0,cents,close
kalshi,2024-11-06T02:21:00-05:00,97.0,cents,close
kalshi,2024-11-06T02:22:00-05:00,97.0,cents,close
kalshi,2024-11-06T02:23:00-05:00,97.0,cents,close
kalshi,2024-11-06T02:24:00-05:00,97.0,cents,close
kalshi,2024-11-06T02:25:00-05:00,98.0,cents,close
kalshi,2024-11-06T02:26:00-05:00,97.0,cents,close
kalshi,2024-11-06T02:27:00-05:00,97.0,cents,close
kalshi,2024-11-06T02:28:00-05:00,98.0,cents,close
kalshi,2024-11-06T02:29:00-05:00,98.0,cents,close
kalshi,2024-11-06T02:30:00-05:00,97.0,cents,close
kalshi,2024-11-06T02:31:00-05:00,98.0,cents,close
kalshi,2024-11-06T02:32:00-05:00,98.0,cents,close
kalshi,2024-11-06T02:33:00-05:00,97.0,cents,close
kalshi,2024-11-06T02:34:00-05:00,98.0,cents,close
kalshi,2024-11-06T02:35:00-05:00,98.0,cents,close
kalshi,2024-11-06T02:36:00-05:00,98.0,cents,close
kalshi,2024-11-06T02:37:00-05:00,97.0,cents,close
kalshi,2024-11-06T02:38:00-05:00,97.0,cents,close
kalshi,2024-11-06T02:39:00-05:00,98.0,cents,close
kalshi,2024-11-06T02:40:00-05:00,97.0,cents,close
kalshi,2024-11-06T02:41:00-05:00,97.0,cents,close
kalshi,2024-11-06T02:42:00-05:00,97.0,cents,close
kalshi,2024-11-06T02:43:00-05:00,97.0,cents,close
kalshi,2024-11-06T02:44:00-05:00,98.0,cents,close
kalshi,2024-11-06T02:45:00-05:00,97.0,cents,close
kalshi,2024-11-06T02:46:00-05:00,97.0,cents,close
kalshi,2024-11-06T02:47:00-05:00,97.0,cents,close
kalshi,2024-11-06T02:48:00-05:00,99.0,cents,close
kalshi,2024-11-06T02:49:00-05:00,97.0,cents,close
kalshi,2024-11-06T02:50:00-05:00,97.0,cents,close
kalshi,2024-11-06T02:51:00-05:00,97.0,cents,close
kalshi,2024-11-06T02:52:00-05:00,97.0,cents,close
kalshi,2024-11-06T02:53:00-05:00,97.0,cents,close
kalshi,2024-11-06T02:54:00-05:00,97.0,cents,close
kalshi,2024-11-06T02:55:00-05:00,97.0,cents,close
kalshi,2024-11-06T02:56:00-05:00,97.0,cents,close
kalshi,2024-11-06T02:57:00-05:00,97.0,cents,close
kalshi,2024-11-06T02:58:00-05:00,97.0,cents,close
kalshi,2024-11-06T02:59:00-05:00,97.0,cents,close
kalshi,2024-11-06T03:00:00-05:00,97.0,cents,close
kalshi,2024-11-06T03:01:00-05:00,97.0,cents,close
kalshi,2024-11-06T03:02:00-05:00,97.0,cents,close
kalshi,2024-11-06T03:03:00-05:00,98.0,cents,close
kalshi,2024-11-06T03:04:00-05:00,97.0,cents,close
kalshi,2024-11-06T03:05:00-05:00,97.0,cents,close
kalshi,2024-11-06T03:06:00-05:00,97.0,cents,close
kalshi,2024-11-06T03:07:00-05:00,97.0,cents,close
kalshi,2024-11-06T03:08:00-05:00,97.0,cents,close
kalshi,2024-11-06T03:09:00-05:00,97.0,cents,close
kalshi,2024-11-06T03:10:00-05:00,97.0,cents,close
kalshi,2024-11-06T03:11:00-05:00,97.0,cents,close
kalshi,2024-11-06T03:12:00-05:00,97.0,cents,close
kalshi,2024-11-06T03:13:00-05:00,98.0,cents,close
kalshi,2024-11-06T03:14:00-05:00,97.0,cents,close
kalshi,2024-11-06T03:15:00-05:00,97.0,cents,close
kalshi,2024-11-06T03:16:00-05:00,97.0,cents,close
kalshi,2024-11-06T03:17:00-05:00,97.0,cents,close
kalshi,2024-11-06T03:18:00-05:00,97.0,cents,close
kalshi,2024-11-06T03:19:00-05:00,97.0,cents,close
kalshi,2024-11-06T03:20:00-05:00,97.0,cents,close
kalshi,2024-11-06T03:21:00-05:00,97.0,cents,close
kalshi,2024-11-06T03:22:00-05:00,97.0,cents,close
kalshi,2024-11-06T03:23:00-05:00,97.0,cents,close
kalshi,2024-11-06T03:24:00-05:00,97.0,cents,close
kalshi,2024-11-06T03:25:00-05:00,97.0,cents,close
kalshi,2024-11-06T03:26:00-05:00,97.0,cents,close
kalshi,2024-11-06T03:27:00-05:00,97.0,cents,close
kalshi,2024-11-06T03:28:00-05:00,98.0,cents,close
kalshi,2024-11-06T03:29:00-05:00,97.0,cents,close
kalshi,2024-11-06T03:30:00-05:00,98.0,cents,close
kalshi,2024-11-06T03:31:00-05:00,97.0,cents,close
kalshi,2024-11-06T03:32:00-05:00,98.0,cents,close
kalshi,2024-11-06T03:33:00-05:00,98.0,cents,close
kalshi,2024-11-06T03:34:00-05:00,98.0,cents,close
kalshi,2024-11-06T03:35:00-05:00,97.0,cents,close
kalshi,2024-11-06T03:36:00-05:00,97.0,cents,close
kalshi,2024-11-06T03:37:00-05:00,98.0,cents,close
kalshi,2024-11-06T03:38:00-05:00,98.0,cents,close
kalshi,2024-11-06T03:39:00-05:00,97.0,cents,close
kalshi,2024-11-06T03:40:00-05:00,97.0,cents,close
kalshi,2024-11-06T03:41:00-05:00,98.0,cents,close
kalshi,2024-11-06T03:42:00-05:00,97.0,cents,close
kalshi,2024-11-06T03:43:00-05:00,98.0,cents,close
kalshi,2024-11-06T03:44:00-05:00,97.0,cents,close
kalshi,2024-11-06T03:45:00-05:00,97.0,cents,close
kalshi,2024-11-06T03:46:00-05:00,97.0,cents,close
kalshi,2024-11-06T03:47:00-05:00,97.0,cents,close
kalshi,2024-11-06T03:48:00-05:00,97.0,cents,close
kalshi,2024-11-06T03:49:00-05:00,97.0,cents,close
kalshi,2024-11-06T03:50:00-05:00,98.0,cents,close
kalshi,2024-11-06T03:51:00-05:00,98.0,cents,close
kalshi,2024-11-06T03:52:00-05:00,98.0,cents,close
kalshi,2024-11-06T03:53:00-05:00,98.0,cents,close
kalshi,2024-11-06T03:54:00-05:00,98.0,cents,close
kalshi,2024-11-06T03:55:00-05:00,97.0,cents,close
kalshi,2024-11-06T03:56:00-05:00,97.0,cents,close
kalshi,2024-11-06T03:57:00-05:00,97.0,cents,close
kalshi,2024-11-06T03:58:00-05:00,97.0,cents,close
kalshi,2024-11-06T03:59:00-05:00,97.0,cents,close
kalshi,2024-11-06T04:00:00-05:00,97.0,cents,close
kalshi,2024-11-06T04:01:00-05:00,97.0,cents,close
kalshi,2024-11-06T04:02:00-05:00,97.0,cents,close
kalshi,2024-11-06T04:03:00-05:00,97.0,cents,close
kalshi,2024-11-06T04:04:00-05:00,97.0,cents,close
kalshi,2024-11-06T04:05:00-05:00,98.0,cents,close
kalshi,2024-11-06T04:06:00-05:00,97.0,cents,close
kalshi,2024-11-06T04:07:00-05:00,97.0,cents,close
kalshi,2024-11-06T04:08:00-05:00,97.0,cents,close
kalshi,2024-11-06T04:09:00-05:00,97.0,cents,close
kalshi,2024-11-06T04:10:00-05:00,98.0,cents,close
kalshi,2024-11-06T04:11:00-05:00,98.0,cents,close
kalshi,2024-11-06T04:12:00-05:00,98.0,cents,close
kalshi,2024-11-06T04:13:00-05:00,97.0,cents,close
kalshi,2024-11-06T04:14:00-05:00,97.0,cents,close
kalshi,2024-11-06T04:15:00-05:00,97.0,cents,close
kalshi,2024-11-06T04:16:00-05:00,97.0,cents,close
kalshi,2024-11-06T04:17:00-05:00,97.0,cents,close
kalshi,2024-11-06T04:18:00-05:00,97.0,cents,close
kalshi,2024-11-06T04:19:00-05:00,99.0,cents,close
kalshi,2024-11-06T04:20:00-05:00,97.0,cents,close
kalshi,2024-11-06T04:21:00-05:00,99.0,cents,close
kalshi,2024-11-06T04:22:00-05:00,97.0,cents,close
kalshi,2024-11-06T04:23:00-05:00,97.0,cents,close
kalshi,2024-11-06T04:24:00-05:00,97.0,cents,close
kalshi,2024-11-06T04:25:00-05:00,97.0,cents,close
kalshi,2024-11-06T04:26:00-05:00,97.0,cents,close
kalshi,2024-11-06T04:27:00-05:00,97.0,cents,close
kalshi,2024-11-06T04:28:00-05:00,97.0,cents,close
kalshi,2024-11-06T04:29:00-05:00,97.0,cents,close
kalshi,2024-11-06T04:30:00-05:00,97.0,cents,close
kalshi,2024-11-06T04:31:00-05:00,99.0,cents,close
kalshi,2024-11-06T04:32:00-05:00,97.0,cents,close
kalshi,2024-11-06T04:33:00-05:00,97.0,cents,close
kalshi,2024-11-06T04:34:00-05:00,97.0,cents,close
kalshi,2024-11-06T04:35:00-05:00,97.0,cents,close
kalshi,2024-11-06T04:36:00-05:00,97.0,cents,close
kalshi,2024-11-06T04:37:00-05:00,97.0,cents,close
kalshi,2024-11-06T04:38:00-05:00,97.0,cents,close
kalshi,2024-11-06T04:39:00-05:00,97.0,cents,close
kalshi,2024-11-06T04:40:00-05:00,97.0,cents,close
kalshi,2024-11-06T04:41:00-05:00,97.0,cents,close
kalshi,2024-11-06T04:42:00-05:00,97.0,cents,close
kalshi,2024-11-06T04:43:00-05:00,97.0,cents,close
kalshi,2024-11-06T04:44:00-05:00,97.0,cents,close
kalshi,2024-11-06T04:45:00-05:00,97.0,cents,close
kalshi,2024-11-06T04:46:00-05:00,97.0,cents,close
kalshi,2024-11-06T04:47:00-05:00,97.0,cents,close
kalshi,2024-11-06T04:48:00-05:00,97.0,cents,close
kalshi,2024-11-06T04:49:00-05:00,97.0,cents,close
kalshi,2024-11-06T04:50:00-05:00,97.0,cents,close
kalshi,2024-11-06T04:51:00-05:00,97.0,cents,close
kalshi,2024-11-06T04:52:00-05:00,97.0,cents,close
kalshi,2024-11-06T04:53:00-05:00,97.0,cents,close
kalshi,2024-11-06T04:54:00-05:00,97.0,cents,close
kalshi,2024-11-06T04:55:00-05:00,97.0,cents,close
kalshi,2024-11-06T04:56:00-05:00,97.0,cents,close
kalshi,2024-11-06T04:57:00-05:00,97.0,cents,close
kalshi,2024-11-06T04:58:00-05:00,97.0,cents,close
kalshi,2024-11-06T04:59:00-05:00,97.0,cents,close
kalshi,2024-11-06T05:00:00-05:00,97.0,cents,close
kalshi,2024-11-06T05:01:00-05:00,99.0,cents,close
kalshi,2024-11-06T05:02:00-05:00,97.0,cents,close
kalshi,2024-11-06T05:03:00-05:00,97.0,cents,close
kalshi,2024-11-06T05:04:00-05:00,97.0,cents,close
kalshi,2024-11-06T05:05:00-05:00,97.0,cents,close
kalshi,2024-11-06T05:06:00-05:00,97.0,cents,close
kalshi,2024-11-06T05:07:00-05:00,97.0,cents,close
kalshi,2024-11-06T05:08:00-05:00,97.0,cents,close
kalshi,2024-11-06T05:09:00-05:00,97.0,cents,close
kalshi,2024-11-06T05:10:00-05:00,97.0,cents,close
kalshi,2024-11-06T05:11:00-05:00,97.0,cents,close
kalshi,2024-11-06T05:12:00-05:00,97.0,cents,close
kalshi,2024-11-06T05:13:00-05:00,97.0,cents,close
kalshi,2024-11-06T05:14:00-05:00,99.0,cents,close
kalshi,2024-11-06T05:15:00-05:00,97.0,cents,close
kalshi,2024-11-06T05:16:00-05:00,97.0,cents,close
kalshi,2024-11-06T05:17:00-05:00,97.0,cents,close
kalshi,2024-11-06T05:18:00-05:00,97.0,cents,close
kalshi,2024-11-06T05:19:00-05:00,99.0,cents,close
kalshi,2024-11-06T05:20:00-05:00,97.0,cents,close
kalshi,2024-11-06T05:21:00-05:00,99.0,cents,close
kalshi,2024-11-06T05:22:00-05:00,97.0,cents,close
kalshi,2024-11-06T05:23:00-05:00,97.0,cents,close
kalshi,2024-11-06T05:24:00-05:00,97.0,cents,close
kalshi,2024-11-06T05:25:00-05:00,99.0,cents,close
kalshi,2024-11-06T05:26:00-05:00,97.0,cents,close
kalshi,2024-11-06T05:27:00-05:00,97.0,cents,close
kalshi,2024-11-06T05:28:00-05:00,97.0,cents,close
kalshi,2024-11-06T05:29:00-05:00,97.0,cents,close
kalshi,2024-11-06T05:30:00-05:00,97.0,cents,close
kalshi,2024-11-06T05:31:00-05:00,97.0,cents,close
kalshi,2024-11-06T05:32:00-05:00,97.0,cents,close
kalshi,2024-11-06T05:33:00-05:00,97.0,cents,close
kalshi,2024-11-06T05:34:00-05:00,97.0,cents,close
kalshi,2024-11-06T05:35:00-05:00,97.0,cents,close
kalshi,2024-11-06T05:36:00-05:00,97.0,cents,close
kalshi,2024-11-06T05:37:00-05:00,98.0,cents,close
kalshi,2024-11-06T05:38:00-05:00,97.0,cents,close
kalshi,2024-11-06T05:39:00-05:00,97.0,cents,close
kalshi,2024-11-06T05:40:00-05:00,97.0,cents,close
kalshi,2024-11-06T05:41:00-05:00,97.0,cents,close
kalshi,2024-11-06T05:42:00-05:00,97.0,cents,close
kalshi,2024-11-06T05:43:00-05:00,97.0,cents,close
kalshi,2024-11-06T05:44:00-05:00,98.0,cents,close
kalshi,2024-11-06T05:45:00-05:00,97.0,cents,close
kalshi,2024-11-06T05:46:00-05:00,98.0,cents,close
kalshi,2024-11-06T05:47:00-05:00,97.0,cents,close
kalshi,2024-11-06T05:48:00-05:00,98.0,cents,close
kalshi,2024-11-06T05:49:00-05:00,97.0,cents,close
kalshi,2024-11-06T05:50:00-05:00,98.0,cents,close
kalshi,2024-11-06T05:51:00-05:00,97.0,cents,close
kalshi,2024-11-06T05:52:00-05:00,97.0,cents,close
kalshi,2024-11-06T05:53:00-05:00,99.0,cents,close
kalshi,2024-11-06T05:54:00-05:00,97.0,cents,close
kalshi,2024-11-06T05:55:00-05:00,97.0,cents,close
kalshi,2024-11-06T05:56:00-05:00,97.0,cents,close
kalshi,2024-11-06T05:57:00-05:00,97.0,cents,close
kalshi,2024-11-06T05:58:00-05:00,97.0,cents,close
kalshi,2024-11-06T05:59:00-05:00,97.0,cents,close
kalshi,2024-11-06T06:00:00-05:00,97.0,cents,close
ES=F,2024-11-05T18:00:00-05:00,5820.25,index points,open
ES=F,2024-11-05T19:00:00-05:00,5815.75,index points,open
ES=F,2024-11-05T20:00:00-05:00,5838.0,index points,open
ES=F,2024-11-05T21:00:00-05:00,5844.5,index points,open
ES=F,2024-11-05T22:00:00-05:00,5882.5,index points,open
ES=F,2024-11-05T23:00:00-05:00,5882.25,index points,open
ES=F,2024-11-06T00:00:00-05:00,5879.5,index points,open
ES=F,2024-11-06T01:00:00-05:00,5883.75,index points,open
ES=F,2024-11-06T02:00:00-05:00,5901.75,index points,open
ES=F,2024-11-06T03:00:00-05:00,5919.0,index points,open
ES=F,2024-11-06T04:00:00-05:00,5945.5,index points,open
ES=F,2024-11-06T05:00:00-05:00,5948.5,index points,open
ES=F,2024-11-06T06:00:00-05:00,5942.75,index points,open
