slide,hidden,destination,handling
1,False,Core Idea and Learning goals,Integrated framing; title and navigation slides are not repeated.
2,False,Core Idea and Learning goals,Integrated framing; title and navigation slides are not repeated.
3,False,Core Idea and Learning goals,Integrated framing; title and navigation slides are not repeated.
4,False,Core Idea and Learning goals,Integrated framing; title and navigation slides are not repeated.
5,False,Core Idea and Learning goals,Integrated framing; title and navigation slides are not repeated.
6,False,Opening puzzle; What market efficiency does—and does not—claim,Photo-only Figure 27.1 and precise efficiency definitions replace slide jokes and absolute formulations.
7,False,Opening puzzle; What market efficiency does—and does not—claim,Photo-only Figure 27.1 and precise efficiency definitions replace slide jokes and absolute formulations.
8,False,Opening puzzle; What market efficiency does—and does not—claim,Photo-only Figure 27.1 and precise efficiency definitions replace slide jokes and absolute formulations.
9,False,Opening puzzle; What market efficiency does—and does not—claim,Photo-only Figure 27.1 and precise efficiency definitions replace slide jokes and absolute formulations.
10,False,Opening puzzle; What market efficiency does—and does not—claim,Photo-only Figure 27.1 and precise efficiency definitions replace slide jokes and absolute formulations.
11,False,Prices often move before you can trade,"Fed source vectors, election raw observations, Challenger intraday figure and evidence; September 11 summarized. Omit duplicate Challenger horizon plot and table while retaining their meaning."
12,False,Prices often move before you can trade,"Fed source vectors, election raw observations, Challenger intraday figure and evidence; September 11 summarized. Omit duplicate Challenger horizon plot and table while retaining their meaning."
13,False,Prices often move before you can trade,"Fed source vectors, election raw observations, Challenger intraday figure and evidence; September 11 summarized. Omit duplicate Challenger horizon plot and table while retaining their meaning."
14,False,Prices often move before you can trade,"Fed source vectors, election raw observations, Challenger intraday figure and evidence; September 11 summarized. Omit duplicate Challenger horizon plot and table while retaining their meaning."
15,False,Prices often move before you can trade,"Fed source vectors, election raw observations, Challenger intraday figure and evidence; September 11 summarized. Omit duplicate Challenger horizon plot and table while retaining their meaning."
16,False,Prices often move before you can trade,"Fed source vectors, election raw observations, Challenger intraday figure and evidence; September 11 summarized. Omit duplicate Challenger horizon plot and table while retaining their meaning."
17,False,Prices often move before you can trade,"Fed source vectors, election raw observations, Challenger intraday figure and evidence; September 11 summarized. Omit duplicate Challenger horizon plot and table while retaining their meaning."
18,False,Historical return patterns complicate the picture,Event study and observed drift figure in main text; polls become comparative anomaly discussion. Do not call every anomaly strict arbitrage.
19,False,Historical return patterns complicate the picture,Event study and observed drift figure in main text; polls become comparative anomaly discussion. Do not call every anomaly strict arbitrage.
20,False,Historical return patterns complicate the picture,Event study and observed drift figure in main text; polls become comparative anomaly discussion. Do not call every anomaly strict arbitrage.
21,False,Historical return patterns complicate the picture,Event study and observed drift figure in main text; polls become comparative anomaly discussion. Do not call every anomaly strict arbitrage.
22,False,Historical return patterns complicate the picture,Event study and observed drift figure in main text; polls become comparative anomaly discussion. Do not call every anomaly strict arbitrage.
23,False,Historical return patterns complicate the picture,Event study and observed drift figure in main text; polls become comparative anomaly discussion. Do not call every anomaly strict arbitrage.
24,False,Historical return patterns complicate the picture,Event study and observed drift figure in main text; polls become comparative anomaly discussion. Do not call every anomaly strict arbitrage.
25,False,Historical return patterns complicate the picture,Event study and observed drift figure in main text; polls become comparative anomaly discussion. Do not call every anomaly strict arbitrage.
26,False,"Size, value, momentum, and reversal ask different questions","Retain size, growth versus returns, valuation definitions, international value evidence and horizon contrast. Consolidate repeated historical tables/plots in one comparison table."
27,False,"Size, value, momentum, and reversal ask different questions","Retain size, growth versus returns, valuation definitions, international value evidence and horizon contrast. Consolidate repeated historical tables/plots in one comparison table."
28,False,"Size, value, momentum, and reversal ask different questions","Retain size, growth versus returns, valuation definitions, international value evidence and horizon contrast. Consolidate repeated historical tables/plots in one comparison table."
29,False,"Size, value, momentum, and reversal ask different questions","Retain size, growth versus returns, valuation definitions, international value evidence and horizon contrast. Consolidate repeated historical tables/plots in one comparison table."
30,False,"Size, value, momentum, and reversal ask different questions","Retain size, growth versus returns, valuation definitions, international value evidence and horizon contrast. Consolidate repeated historical tables/plots in one comparison table."
31,False,"Size, value, momentum, and reversal ask different questions","Retain size, growth versus returns, valuation definitions, international value evidence and horizon contrast. Consolidate repeated historical tables/plots in one comparison table."
32,False,"Size, value, momentum, and reversal ask different questions","Retain size, growth versus returns, valuation definitions, international value evidence and horizon contrast. Consolidate repeated historical tables/plots in one comparison table."
33,False,"Size, value, momentum, and reversal ask different questions","Retain size, growth versus returns, valuation definitions, international value evidence and horizon contrast. Consolidate repeated historical tables/plots in one comparison table."
34,False,"Size, value, momentum, and reversal ask different questions","Retain size, growth versus returns, valuation definitions, international value evidence and horizon contrast. Consolidate repeated historical tables/plots in one comparison table."
35,False,Every efficiency test is a joint test; Investing when neither prices nor forecasts are infallible,"Integrate competing models, technical analysis, timing costs, competition and publication. Summarize value subperiod chart without asserting arbitrage caused its later path. Omit quotations."
36,False,Every efficiency test is a joint test; Investing when neither prices nor forecasts are infallible,"Integrate competing models, technical analysis, timing costs, competition and publication. Summarize value subperiod chart without asserting arbitrage caused its later path. Omit quotations."
37,False,Every efficiency test is a joint test; Investing when neither prices nor forecasts are infallible,"Integrate competing models, technical analysis, timing costs, competition and publication. Summarize value subperiod chart without asserting arbitrage caused its later path. Omit quotations."
38,False,Every efficiency test is a joint test; Investing when neither prices nor forecasts are infallible,"Integrate competing models, technical analysis, timing costs, competition and publication. Summarize value subperiod chart without asserting arbitrage caused its later path. Omit quotations."
39,False,Every efficiency test is a joint test; Investing when neither prices nor forecasts are infallible,"Integrate competing models, technical analysis, timing costs, competition and publication. Summarize value subperiod chart without asserting arbitrage caused its later path. Omit quotations."
40,False,Every efficiency test is a joint test; Investing when neither prices nor forecasts are infallible,"Integrate competing models, technical analysis, timing costs, competition and publication. Summarize value subperiod chart without asserting arbitrage caused its later path. Omit quotations."
41,False,Every efficiency test is a joint test; Investing when neither prices nor forecasts are infallible,"Integrate competing models, technical analysis, timing costs, competition and publication. Summarize value subperiod chart without asserting arbitrage caused its later path. Omit quotations."
42,False,Every efficiency test is a joint test; Investing when neither prices nor forecasts are infallible,"Integrate competing models, technical analysis, timing costs, competition and publication. Summarize value subperiod chart without asserting arbitrage caused its later path. Omit quotations."
43,False,Every efficiency test is a joint test; Investing when neither prices nor forecasts are infallible,"Integrate competing models, technical analysis, timing costs, competition and publication. Summarize value subperiod chart without asserting arbitrage caused its later path. Omit quotations."
44,False,References cited in this chapter,"Use relevant verified references, not unrelated entries wholesale."
45,False,References cited in this chapter,"Use relevant verified references, not unrelated entries wholesale."
46,False,References cited in this chapter,"Use relevant verified references, not unrelated entries wholesale."
47,True,A scheduled announcement,Superseded gold-chart slide omitted; use exact current S&P 500 source vectors and correct timing resolution.
48,True,Election night,"Included despite hidden status because user specifically named election/futures deck. Plot original records, not an old Tesla series or media-call-as-first-news assumption."
49,True,Investing when neither prices nor forecasts are infallible,Forecast uncertainty integrated; quotations and section divider omitted.
50,True,Investing when neither prices nor forecasts are infallible,Forecast uncertainty integrated; quotations and section divider omitted.
51,True,Investing when neither prices nor forecasts are infallible,Forecast uncertainty integrated; quotations and section divider omitted.
52,True,Investing when neither prices nor forecasts are infallible,Forecast uncertainty integrated; quotations and section divider omitted.
53,True,Every efficiency test is a joint test; Investing when neither prices nor forecasts are infallible,"Define technical/fundamental analysis, beta, alpha and factor benchmark dependence in prose. Omit duplicate equations."
54,True,Every efficiency test is a joint test; Investing when neither prices nor forecasts are infallible,"Define technical/fundamental analysis, beta, alpha and factor benchmark dependence in prose. Omit duplicate equations."
55,True,Every efficiency test is a joint test; Investing when neither prices nor forecasts are infallible,"Define technical/fundamental analysis, beta, alpha and factor benchmark dependence in prose. Omit duplicate equations."
56,True,Every efficiency test is a joint test; Investing when neither prices nor forecasts are infallible,"Define technical/fundamental analysis, beta, alpha and factor benchmark dependence in prose. Omit duplicate equations."
57,True,Worked example: average returns and compounded wealth,Retain hypothetical 80%/-60% example with explicit independence/reinvestment and verified arithmetic; no empirical IPO claim.
58,True,Limits to arbitrage,CUBA fund price/NAV comparison added; date simplified to December 2014 to avoid erroneous December 18 announcement date in older sources.
59,True,What gives an asset fundamental value?,"Intermediation roles retained. Long-run intermediation-cost series omitted as a separate productivity question, not evidence proving/disproving price efficiency."
60,True,Investing when neither prices nor forecasts are infallible,"Duplicate technical-analysis slides consolidated; long-horizon compounding retained without Buffett wealth chart, which mixes savings, ownership and returns."
61,True,Investing when neither prices nor forecasts are infallible,"Duplicate technical-analysis slides consolidated; long-horizon compounding retained without Buffett wealth chart, which mixes savings, ownership and returns."
62,True,Investing when neither prices nor forecasts are infallible,"Duplicate technical-analysis slides consolidated; long-horizon compounding retained without Buffett wealth chart, which mixes savings, ownership and returns."
63,True,Practice Lab,Raffle/log-in logistics omitted; classroom-market debrief retained.
64,True,Limits to arbitrage,Triangular arbitrage example integrated with executable quotes and costs.
65,True,Investing when neither prices nor forecasts are infallible,Investor biases and forecast uncertainty retained; quote collages omitted.
66,True,Investing when neither prices nor forecasts are infallible,Investor biases and forecast uncertainty retained; quote collages omitted.
67,True,Investing when neither prices nor forecasts are infallible,Investor biases and forecast uncertainty retained; quote collages omitted.
68,True,"Size, value, momentum, and reversal; Investing when neither prices nor forecasts are infallible","Dividend yield, joint size/value sorting, and historical equity-premium/long-horizon cautions integrated; repetitive tables consolidated."
69,True,"Size, value, momentum, and reversal; Investing when neither prices nor forecasts are infallible","Dividend yield, joint size/value sorting, and historical equity-premium/long-horizon cautions integrated; repetitive tables consolidated."
70,True,"Size, value, momentum, and reversal; Investing when neither prices nor forecasts are infallible","Dividend yield, joint size/value sorting, and historical equity-premium/long-horizon cautions integrated; repetitive tables consolidated."
71,True,"Size, value, momentum, and reversal; Investing when neither prices nor forecasts are infallible","Dividend yield, joint size/value sorting, and historical equity-premium/long-horizon cautions integrated; repetitive tables consolidated."
72,True,"Size, value, momentum, and reversal; Investing when neither prices nor forecasts are infallible","Dividend yield, joint size/value sorting, and historical equity-premium/long-horizon cautions integrated; repetitive tables consolidated."
73,True,"Size, value, momentum, and reversal; Investing when neither prices nor forecasts are infallible","Dividend yield, joint size/value sorting, and historical equity-premium/long-horizon cautions integrated; repetitive tables consolidated."
74,True,"Size, value, momentum, and reversal; Investing when neither prices nor forecasts are infallible","Dividend yield, joint size/value sorting, and historical equity-premium/long-horizon cautions integrated; repetitive tables consolidated."
75,True,Limits to arbitrage,Existing Palm/3Com case preserved with conditional distribution and short-sale constraints.
76,True,Limits to arbitrage,Existing Palm/3Com case preserved with conditional distribution and short-sale constraints.
77,True,Limits to arbitrage,Existing Palm/3Com case preserved with conditional distribution and short-sale constraints.
78,True,Limits to arbitrage,Existing Palm/3Com case preserved with conditional distribution and short-sale constraints.
79,True,What gives an asset fundamental value?,"Existing P/E, CAPE, Shiller evidence and historical peaks preserved."
80,True,What gives an asset fundamental value?,"Existing P/E, CAPE, Shiller evidence and historical peaks preserved."
