slide,hidden,topic,destination,handling
1,False,Structure and learning objectives,Learning goals,Administrative/roadmap slides consolidated.
2,False,Structure and learning objectives,Learning goals,Administrative/roadmap slides consolidated.
3,False,Structure and learning objectives,Learning goals,Administrative/roadmap slides consolidated.
4,False,Structure and learning objectives,Learning goals,Administrative/roadmap slides consolidated.
5,False,"Assets, finance, payouts, P/E and discounting",What gives an asset fundamental value?,Risk-adjusted required return; P/E payback interpretation qualified; buybacks distinguished from new profits.
6,False,"Assets, finance, payouts, P/E and discounting",What gives an asset fundamental value?,Risk-adjusted required return; P/E payback interpretation qualified; buybacks distinguished from new profits.
7,False,"Assets, finance, payouts, P/E and discounting",What gives an asset fundamental value?,Risk-adjusted required return; P/E payback interpretation qualified; buybacks distinguished from new profits.
8,False,"Assets, finance, payouts, P/E and discounting",What gives an asset fundamental value?,Risk-adjusted required return; P/E payback interpretation qualified; buybacks distinguished from new profits.
9,False,"Assets, finance, payouts, P/E and discounting",What gives an asset fundamental value?,Risk-adjusted required return; P/E payback interpretation qualified; buybacks distinguished from new profits.
10,False,Section divider,"Historical bubbles: recurring feedback, different institutions",No separate teaching content.
11,False,"Bubble definition, beauty contest and greater fool",A bubble is a reinforcing-process hypothesis; Strategic resale and synchronization risk,A crash does not imply no buyers at any price.
12,False,"Bubble definition, beauty contest and greater fool",A bubble is a reinforcing-process hypothesis; Strategic resale and synchronization risk,A crash does not imply no buyers at any price.
13,False,Historical episodes,"Historical bubbles: recurring feedback, different institutions",All listed regions and episodes retained; Mexican crisis chronology corrected and separate from Asia.
14,False,Tulipmania,Tulipmania: a real boom surrounded by an exaggerated legend,Archival qualification added; extreme price/income ratio and unverified price-index image not reproduced as established typical transactions.
15,False,South Sea and Newton,The South Sea Bubble: Newton could sell early and still lose later,"Retained early sale, repurchase, and major loss; corrected bankruptcy and exact loss claims; unverified quotation and modern-money conversion omitted."
16,False,South Sea and Newton,The South Sea Bubble: Newton could sell early and still lose later,"Retained early sale, repurchase, and major loss; corrected bankruptcy and exact loss claims; unverified quotation and modern-money conversion omitted."
17,False,Bubble stages and shoeshine anecdote,How a boom can become a bubble and a crash,"Stages explained as a heuristic, not a forecasting law; anecdote explicitly qualified."
18,False,"Real prices, earnings and historical valuation",What gives an asset fundamental value?,CAPE and excess volatility discussed; dual-axis visual gap not treated as a statistical valuation test.
19,False,Dot-com returns and valuation confidence,Dot-com innovation and extreme expectations,NASDAQ and internet portfolio separated; survey respondents distinguished from all people and actual trades.
20,False,Dot-com returns and valuation confidence,Dot-com innovation and extreme expectations,NASDAQ and internet portfolio separated; survey respondents distinguished from all people and actual trades.
21,False,"Housing, equity losses, international declines",Housing: when a correction reaches balance sheets,Mechanisms and international comparison retained; precise unsourced table values replaced by identified Fed series/window and currency caveats.
22,False,"Housing, equity losses, international declines",Housing: when a correction reaches balance sheets,Mechanisms and international comparison retained; precise unsourced table values replaced by identified Fed series/window and currency caveats.
23,False,"Housing, equity losses, international declines",Housing: when a correction reaches balance sheets,Mechanisms and international comparison retained; precise unsourced table values replaced by identified Fed series/window and currency caveats.
24,False,Unexpected crashes and identification,A crash does not settle the bubble diagnosis; Experimental markets,1987 rebound does not rule out a bubble; lab benchmark separated from risk-averse certainty equivalents.
25,False,Unexpected crashes and identification,A crash does not settle the bubble diagnosis; Experimental markets,1987 rebound does not rule out a bubble; lab benchmark separated from risk-averse certainty equivalents.
26,False,Section divider,Experimental markets,No separate teaching content.
27,False,Baseline experiment and observed bubble path,A finite-lived asset and a declining benchmark,"15 periods, dividend support/probabilities, expected value, expiration and trading explained."
28,False,Baseline experiment and observed bubble path,A finite-lived asset and a declining benchmark,"15 periods, dividend support/probabilities, expected value, expiration and trading explained."
29,False,Baseline experiment and observed bubble path,A finite-lived asset and a declining benchmark,"15 periods, dividend support/probabilities, expected value, expiration and trading explained."
30,False,304 traders,A finite-lived asset and a declining benchmark,Large classroom result included; professional-market generalization bounded.
31,False,Overlapping generations,"Experience, liquidity, and trading rules change the result","Entry/exit, liquidity and recurring bubbles included."
32,False,Six-period in-class results placeholder,Practice Lab: Classroom-market debrief,No unprovided class outcomes invented; session-specific horizon and benchmark required.
33,False,Flat fundamentals and wealth,Flat fundamentals: the bubble is not just a falling-value task,Finite-horizon redemption equation and both 7-dollar examples; distinguish changed flow payments from a pure cash manipulation. Published Bostian and Holt (2009) used.
34,False,Flat fundamentals and wealth,Flat fundamentals: the bubble is not just a falling-value task,Finite-horizon redemption equation and both 7-dollar examples; distinguish changed flow payments from a pure cash manipulation. Published Bostian and Holt (2009) used.
35,False,Borrowing and experimental moderators,"Experience, liquidity, and trading rules; Lottery payoffs and cognitive reflection; Gender, context, and a distinct hormonal intervention","Covers borrowing, initial underpricing, cash, experience, delayed dividends, shorting, no resale, alternative activity, CRT and testosterone. Published Coppock et al. (2021) used."
36,False,Borrowing and experimental moderators,"Experience, liquidity, and trading rules; Lottery payoffs and cognitive reflection; Gender, context, and a distinct hormonal intervention","Covers borrowing, initial underpricing, cash, experience, delayed dividends, shorting, no resale, alternative activity, CRT and testosterone. Published Coppock et al. (2021) used."
37,False,Price forecasts,Expectations and the strategies behind the price path,Forecasts lag boom and bust; turning points not generally anticipated.
38,False,Gender and context,"Gender, context, and a distinct hormonal intervention","Lehman Sisters hypothesis, initial result, hidden sorting, flat/declining values and U.S./China comparison included; no universal sex effect claimed."
39,False,Gender and context,"Gender, context, and a distinct hormonal intervention","Lehman Sisters hypothesis, initial result, hidden sorting, flat/declining values and U.S./China comparison included; no universal sex effect claimed."
40,False,Gender and context,"Gender, context, and a distinct hormonal intervention","Lehman Sisters hypothesis, initial result, hidden sorting, flat/declining values and U.S./China comparison included; no universal sex effect claimed."
41,False,Trading strategies and proportions,Expectations and the strategies behind the price path,"Value, feedback and resale strategies retained; original study classification shares and caveats preserved."
42,False,Trading strategies and proportions,Expectations and the strategies behind the price path,"Value, feedback and resale strategies retained; original study classification shares and caveats preserved."
43,False,Synthesis and references,Chapter synthesis and references,"Substantive concepts incorporated; cited sources listed, unused slide references not copied wholesale."
44,False,Synthesis and references,Chapter synthesis and references,"Substantive concepts incorporated; cited sources listed, unused slide references not copied wholesale."
45,False,Synthesis and references,Chapter synthesis and references,"Substantive concepts incorporated; cited sources listed, unused slide references not copied wholesale."
46,False,Blank slide,Not applicable,No substantive content.
47,False,Trading UI and execution rule,A finite-lived asset and a declining benchmark,Portable bid/ask/execution mechanics included; software screenshot labels not reproduced.
48,False,Trading UI and execution rule,A finite-lived asset and a declining benchmark,Portable bid/ask/execution mechanics included; software screenshot labels not reproduced.
49,True,Hidden divider and forecast aphorisms,Two-direction dashboard; falsifiable investment memo,Uncertainty integrated; quote collection not reproduced.
50,True,Hidden divider and forecast aphorisms,Two-direction dashboard; falsifiable investment memo,Uncertainty integrated; quote collection not reproduced.
51,True,Hidden two-asset lottery experiment,Lottery payoffs and cognitive reflection,Both distributions and equal expected payouts retained; probability-weighting mechanism qualified.
52,True,Hidden two-asset lottery experiment,Lottery payoffs and cognitive reflection,Both distributions and equal expected payouts retained; probability-weighting mechanism qualified.
53,True,Hidden 12/20-cent dividend example,A finite-lived asset and a declining benchmark,16-cent expected dividend and 2.40-dollar start included without mixing parameterizations.
54,True,Hidden activity and excess cash,"Experience, liquidity, and trading rules change the result",Alternative activity and cash interventions covered.
55,True,Hidden 1928-29 gains and P/E chart,The 1920s and later credit booms; What gives an asset fundamental value?,Selected winners and aggregate valuation interpreted; no unsupported digitization or extra graphs.
56,True,Hidden 1928-29 gains and P/E chart,The 1920s and later credit booms; What gives an asset fundamental value?,Selected winners and aggregate valuation interpreted; no unsupported digitization or extra graphs.
57,True,Hidden liquidity ratio,"Experience, liquidity, and trading rules change the result","Definition, causal channel, and absence of universal cutoff included."
58,True,Hidden Palm-3Com,"The Palm–3Com case: visible inconsistency, costly correction","Existing relative-value equation, negative residual, borrowing constraints and conditional distribution retained."
59,True,Hidden Palm-3Com,"The Palm–3Com case: visible inconsistency, costly correction","Existing relative-value equation, negative residual, borrowing constraints and conditional distribution retained."
60,True,Hidden Palm-3Com,"The Palm–3Com case: visible inconsistency, costly correction","Existing relative-value equation, negative residual, borrowing constraints and conditional distribution retained."
61,True,Hidden Palm-3Com,"The Palm–3Com case: visible inconsistency, costly correction","Existing relative-value equation, negative residual, borrowing constraints and conditional distribution retained."
62,True,Hidden historical P/E and internet bubble,What gives an asset fundamental value?; Dot-com innovation and extreme expectations,Historical valuation peaks and distinct index evidence included.
63,True,Hidden historical P/E and internet bubble,What gives an asset fundamental value?; Dot-com innovation and extreme expectations,Historical valuation peaks and distinct index evidence included.
