"source_path","source_group","format","source_role","final_status","final_destination","final_handling","source_sha256"
".DS_Store","Lecture Notes root","none","macOS administrative artifact","excluded_noncontent","none","Administrative or generated build artifact; inventoried and verified, but it contains no book content.","83f428d34f7911848d652683a0ae8dcd9a0308aa05c9d7a68729e96c5e93a635"
"01 - Foundations and Neuroscience/01. Introduction to Behavioral Economics.pdf","01 Foundations — introduction to behavioral economics","pdf","flattened/print lecture export","supporting_duplicate","Chapters 1–8, Chapter 48, and Appendix C","No double counting: integrated through the named canonical source or source family.","302fd4c490847b8665319c3936a8b4af1f20ff09e41b800573e1886e6d4177af"
"01 - Foundations and Neuroscience/01. Introduction to Behavioral Economics.pptx","01 Foundations — introduction to behavioral economics","pptx","supporting lecture source","supporting_duplicate","Chapters 1–8, Chapter 48, and Appendix C","No double counting: integrated through the named canonical source or source family.","b89c92f9008a421772f28d61c67f5fbf2eee7fed58278f918107f26a910849d4"
"01 - Foundations and Neuroscience/02. Anatomy of Decision-Making.pptx","01 Foundations — anatomy/predictive evaluation manuscripts","pptx","supporting lecture source","supporting_duplicate","Chapters 1–8, Chapter 48, and Appendix C","No double counting: integrated through the named canonical source or source family.","2c9f14c4b3e6f422c281e5e427f9345f2ada2962be1760850d946a0098166e71"
"01 - Foundations and Neuroscience/02. Neuroscience of Decision-Making.pdf","01 Foundations — neuroscience of judgment and decision","pdf","flattened/print lecture export","supporting_duplicate","Chapters 1–8, Chapter 48, and Appendix C","No double counting: integrated through the named canonical source or source family.","8cee6ebe05d1e57df1ab045f21b88eaf16dc0e578698ed7b1aea5ca86f19b022"
"01 - Foundations and Neuroscience/02. Science of Decision-Making.pdf","01 Foundations — science of decision making","pdf","flattened/print lecture export","supporting_duplicate","Chapters 1–8, Chapter 48, and Appendix C","No double counting: integrated through the named canonical source or source family.","d578a69604cbe6418ba98d7e0d009766a531fc9aca73d8592709c6b2c5161711"
"01 - Foundations and Neuroscience/02. Science of Decision-Making.pptx","01 Foundations — science of decision making","pptx","supporting lecture source","supporting_duplicate","Chapters 1–8, Chapter 48, and Appendix C","No double counting: integrated through the named canonical source or source family.","1d5c96138e908acbc2e75cb6d370a96c1c4e9c0d3b688dfb8c2e2eefec07abcc"
"01 - Foundations and Neuroscience/0x. Neuroscience of Decision-Making.pptx","01 Foundations — neuroscience of judgment and decision","pptx","supporting lecture source","supporting_duplicate","Chapters 1–8, Chapter 48, and Appendix C","No double counting: integrated through the named canonical source or source family.","2886e863afc305fc803ed58bc09928ebba8547086072a5092dd9932a38fa6442"
"01 - Foundations and Neuroscience/Active Inference  -  Repaired.pptx","01 Foundations — predictive processing, free energy, and active inference || ADDITIONAL AUDIT: Foundations and neuroscience / active inference","pptx","concise decision-making active-inference lecture || ADDITIONAL AUDIT: canonical concise teaching deck","supporting_duplicate","Chapters 1–8, Chapter 48, and Appendix C","No double counting: integrated through the named canonical source or source family.","bb345a1efb5263028e311e5451afffb9838fc4196e0d59a4669d3abd408114a4"
"01 - Foundations and Neuroscience/Anatomy of Decision 1.docx","01 Foundations — anatomy/predictive evaluation manuscripts","docx","long-form draft/reference manuscript","supporting_duplicate","Chapters 1–8, Chapter 48, and Appendix C","No double counting: integrated through the named canonical source or source family.","9eaae6859cbbeb9a0f09e00c0bfbb0fbd52ed253ade76d7cae065f487e505855"
"01 - Foundations and Neuroscience/Anatomy of Decision-Making.pdf","01 Foundations — anatomy/predictive evaluation manuscripts","pdf","flattened/print lecture export","supporting_duplicate","Chapters 1–8, Chapter 48, and Appendix C","No double counting: integrated through the named canonical source or source family.","c450ed2d0cd5f27b9d924b58bba167fcfb1ef93636f81948dd5907786c77d86f"
"01 - Foundations and Neuroscience/Anatomy of Decision.docx","01 Foundations — anatomy/predictive evaluation manuscripts","docx","long-form draft/reference manuscript","supporting_duplicate","Chapters 1–8, Chapter 48, and Appendix C","No double counting: integrated through the named canonical source or source family.","ed92aa9be609433b01377bc6dd4021a665858a5addd4579d216595b5fe1bfb50"
"01 - Foundations and Neuroscience/Anatomy_of_Decision_Making_with_Predictive_Evaluation  -  Repaired.pptx","01 Foundations — anatomy/predictive evaluation manuscripts","pptx","repaired/generated editable teaching source","supporting_duplicate","Chapters 1–8, Chapter 48, and Appendix C","No double counting: integrated through the named canonical source or source family.","77bfd746b2247c8c23d5ed6b78803715c0b91935af9e020d727561ccd5dfdb1c"
"01 - Foundations and Neuroscience/Neuroeconomics.pptx","01 Foundations — neuroeconomics","pptx","supporting lecture source","supporting_duplicate","Chapters 1–8, Chapter 48, and Appendix C","No double counting: integrated through the named canonical source or source family.","fdcbf87f0cc2e10a2c5d555319c01bdc57ae3a568bb9e5b984df7b9299de9256"
"01 - Foundations and Neuroscience/Science_of_Decision_Making_Updated_Lecture  -  Repaired.pptx","01 Foundations — science of decision making","pptx","repaired/generated editable teaching source","supporting_duplicate","Chapters 1–8, Chapter 48, and Appendix C","No double counting: integrated through the named canonical source or source family.","8c4a4fb86b9670117ccc0a4cbbdc8a9dcc1bbcf20be24357f21589a5f50de0ab"
"01 - Foundations and Neuroscience/The Predictive Brain in Behavioral Economics.docx","01 Foundations — predictive processing, free energy, and active inference","docx","long-form draft/reference manuscript","excluded_noncontent","Chapters 1–8, Chapter 48, and Appendix C","Blank document; inventoried and verified, with no substantive material to integrate.","6dae0da616c9b8cd38c7551922c92c6792015c2edeab7a34c3b2da8ad74920c2"
"01 - Foundations and Neuroscience/You_Do_Not_See_the_World_Directly_Presentation  -  Repaired.pptx","01–02 Perception — optical illusions and indirect seeing","pptx","repaired/generated editable teaching source","supporting_duplicate","Chapters 6–7: attention and predictive perception","No double counting: integrated through the named canonical source or source family.","b3bcc4e117aac6273f74426eeabe52111fe1f60ec786a3f83f78cd2a89ddc8f7"
"01. Decision Making Process.pptx","01 Foundations — decision process","pptx","recent 26-slide synthesis; unsafe as citation authority","supporting_duplicate","Chapters 1–8, Chapter 48, and Appendix C","No double counting: integrated through the named canonical source or source family.","c6df8a6a315e946ef913285c8ea27fa2db3d39ef1e83d78f095b6a2bb6b99f30"
"02 - Attention, Heuristics and Biases/02. Limited attention.pptx","02 Attention — selection, prediction, and expectation","pptx","supporting lecture source","supporting_duplicate","Chapters 6–8: attention, predictive inference, and expectation","No double counting: integrated through the named canonical source or source family.","18eb073abbfb67e8f88cdb700575357f66776e4b7c24b70a80062cdc224f94f9"
"02 - Attention, Heuristics and Biases/03&04. Two systems of thinking.pdf","02 Heuristics — two-process thinking","pdf","flattened/print lecture export","supporting_duplicate","Chapters 9–18: heuristics, biases, probability, framing, priming, and fluency","No double counting: integrated through the named canonical source or source family.","64c0dbef5e6ee0d3a7bd7644eb69f22797da4d4406390798d79931971497b47a"
"02 - Attention, Heuristics and Biases/03. Two systems of thinking.pdf","02 Heuristics — two-process thinking","pdf","flattened/print lecture export","supporting_duplicate","Chapters 9–18: heuristics, biases, probability, framing, priming, and fluency","No double counting: integrated through the named canonical source or source family.","d337c1c223d237d4b5d887ab8984d1af8c30e37a406a33c3d8dafabfd93fc4c4"
"02 - Attention, Heuristics and Biases/03. Two systems of thinking.pptx","02 Heuristics — two-process thinking","pptx","supporting lecture source","supporting_duplicate","Chapters 9–18: heuristics, biases, probability, framing, priming, and fluency","No double counting: integrated through the named canonical source or source family.","80ed51f81db2606819e97518829f33392b2222ae2ab50229207ea916095f6e1e"
"02 - Attention, Heuristics and Biases/04. Heuristics.pdf","02 Heuristics — adaptive shortcuts","pdf","flattened/print lecture export","supporting_duplicate","Chapters 9–18: heuristics, biases, probability, framing, priming, and fluency","No double counting: integrated through the named canonical source or source family.","7b83a60e98daabdd3db76a21292032b5ec98113551cb5ce91f5cf094d682a9c4"
"02 - Attention, Heuristics and Biases/04. Heuristics.pptx","02 Heuristics — adaptive shortcuts","pptx","supporting lecture source","supporting_duplicate","Chapters 9–18: heuristics, biases, probability, framing, priming, and fluency","No double counting: integrated through the named canonical source or source family.","ba8dd61c695ce8078ae3a70b8bf0d5ebc024aed61b92c6d9ba6ede76fb720c08"
"02 - Attention, Heuristics and Biases/04.1. Optical Illusions.pdf","01–02 Perception — optical illusions and indirect seeing","pdf","flattened/print lecture export","supporting_duplicate","Chapters 6–7: attention and predictive perception","No double counting: integrated through the named canonical source or source family.","8ed2e0bb9bb46160ccb10ee5d86d667c4606e64d38159bfc8b5f81146adfdf0c"
"02 - Attention, Heuristics and Biases/04.1. Optical Illusions.pptx","01–02 Perception — optical illusions and indirect seeing","pptx","supporting lecture source","supporting_duplicate","Chapters 6–7: attention and predictive perception","No double counting: integrated through the named canonical source or source family.","ff915790dbd910e04596d8e076323eff85faa6e10af199ed68b9a1018993037c"
"02 - Attention, Heuristics and Biases/05. Biases.pdf","02 Biases — story protection and contextual judgment","pdf","flattened/print lecture export","supporting_duplicate","Chapters 9–18: heuristics, biases, probability, framing, priming, and fluency","No double counting: integrated through the named canonical source or source family.","0db3462baa71dbe532f2077620b8c88f30547ee3202cf2ff7383a847839555e7"
"02 - Attention, Heuristics and Biases/05. Biases.pptx","02 Biases — story protection and contextual judgment","pptx","supporting lecture source","supporting_duplicate","Chapters 9–18: heuristics, biases, probability, framing, priming, and fluency","No double counting: integrated through the named canonical source or source family.","09d3b400cb866ab3b521b0a06fce5db225c3d6f559bb4ac951436068d9df1835"
"02 - Attention, Heuristics and Biases/07. Cognitive Ease.pdf","02 Context — cognitive ease and familiarity","pdf","flattened/print lecture export","supporting_duplicate","Chapters 9–18: heuristics, biases, probability, framing, priming, and fluency","No double counting: integrated through the named canonical source or source family.","7a7eb22d1b5b6a7cb7ff2325118c7d5d38e0e726cc83d3c83efd46b6efbca8cf"
"02 - Attention, Heuristics and Biases/07. Cognitive Ease.pptx","02 Context — cognitive ease and familiarity","pptx","supporting lecture source","supporting_duplicate","Chapters 9–18: heuristics, biases, probability, framing, priming, and fluency","No double counting: integrated through the named canonical source or source family.","6f21154d27b3b5df17d70de313d26fde492df2fe7b9e8c60f635b126f6b4a005"
"02. Neuroscience of Judgment.pptx","01 Foundations — neuroscience of judgment and decision","pptx","479-slide rasterized preservation/compilation archive","supporting_duplicate","Chapters 1–8, Chapter 48, and Appendix C","No double counting: integrated through the named canonical source or source family.","05c3187eb9fb0c93303a06503eb238da99b19539df4266f4941f4af7d7397ae7"
"03 - Context, Habits and Choice Architecture/00. Choice Architecture.pptx","03 Choice architecture and nudge","pptx","legacy visual-led source; exact-duplicate representative","supporting_duplicate","Chapter 47: Choice Architecture","No double counting: integrated through the named canonical source or source family.","a27184154813c22c9f59e7f75cd3311757125b058e3229160332a4bafcd863dd"
"03 - Context, Habits and Choice Architecture/05. Habit and Behavior Design.pdf","03 Habits and behavior design","pdf","flattened/print lecture export","supporting_duplicate","Chapters 44–48: habits, self-control, behavior and decision design","No double counting: integrated through the named canonical source or source family.","50adae7948cffb60351265ceef95126a484626391ae652c93e53581139f51c13"
"03 - Context, Habits and Choice Architecture/06&07. Contextual Influence.pdf","03 Context — framing, priming, and contextual influence","pdf","flattened/print lecture export","supporting_duplicate","Chapters 16–18: framing, priming, and cognitive ease","No double counting: integrated through the named canonical source or source family.","8e64e978629af841aab584d7171a699eff12db53ea4ef37554516afdf2e805e5"
"03 - Context, Habits and Choice Architecture/06&07. Contextual Influence.pptx","03 Context — framing, priming, and contextual influence","pptx","supporting lecture source","supporting_duplicate","Chapters 16–18: framing, priming, and cognitive ease","No double counting: integrated through the named canonical source or source family.","e2e75194dede9d5f240f352e09a5679919676c19eedb28df3175c36c422efe9d"
"03 - Context, Habits and Choice Architecture/06. Framing & Priming.pdf","03 Context — framing, priming, and contextual influence","pdf","flattened/print lecture export","supporting_duplicate","Chapters 16–18: framing, priming, and cognitive ease","No double counting: integrated through the named canonical source or source family.","5a616dabb044b86d5063234c69f9d6774fc2bc912bd3169539082c81716c3e71"
"03 - Context, Habits and Choice Architecture/06. Framing & Priming.pptx","03 Context — framing, priming, and contextual influence","pptx","supporting lecture source","supporting_duplicate","Chapters 16–18: framing, priming, and cognitive ease","No double counting: integrated through the named canonical source or source family.","1275594c5f2e69eb36e4f59fd2e2d49bad431f307c4b8a1ed77ffb83460e765d"
"03 - Context, Habits and Choice Architecture/06. Nudge and Choice Architecture.pdf","03 Choice architecture and nudge","pdf","flattened/print lecture export","supporting_duplicate","Chapter 47: Choice Architecture","No double counting: integrated through the named canonical source or source family.","6d631a7dbf73d9b4d870f8fd9569aa5b51d836671c29e75b83b59c706cae49cc"
"03 - Context, Habits and Choice Architecture/conscious_decisions_vs_habits  -  Repaired.pptx","03 Habits and behavior design","pptx","repaired/generated editable teaching source","supporting_duplicate","Chapters 44–48: habits, self-control, behavior and decision design","No double counting: integrated through the named canonical source or source family.","26caf87869412380fcb8de82b94a1e3bc517ef09a9df3983d8690438ffc79695"
"03. Two Systems of Thinking.pptx","02 Heuristics — two-process thinking","pptx","recent 26-slide synthesis; unsafe as citation authority","supporting_duplicate","Chapters 9–18: heuristics, biases, probability, framing, priming, and fluency","No double counting: integrated through the named canonical source or source family.","442085c82b41ebf4c852c8511875e9166492c567f80f3e1cef075d79fd53ce3c"
"04 - Risk, Probability and Prospect Theory/08. Probability Judgment.pdf","04 Probability judgment","pdf","flattened/print lecture export","supporting_duplicate","Chapter 13: Probability Judgment","No double counting: integrated through the named canonical source or source family.","a460cd549923c865cb19873c15dd7a401bddfecf5769dae4fcc402219261e224"
"04 - Risk, Probability and Prospect Theory/08. Probability Judgment.pptx","04 Probability judgment","pptx","primary detailed legacy lecture deck","supporting_duplicate","Chapter 13: Probability Judgment","No double counting: integrated through the named canonical source or source family.","d8a45f8ab5cb9dfbe2683a68bec34cca00981bde64ea29ca9742ee14f61b8a5d"
"04 - Risk, Probability and Prospect Theory/09. Risky Decision-Making.pdf","04 Risky decision making","pdf","flattened/print lecture export","supporting_duplicate","Chapter 19: Risky Decision-Making","No double counting: integrated through the named canonical source or source family.","54e348769fc51f72231616bfbb463e55e12e73d7f413de44d0a8d331b6e482a8"
"04 - Risk, Probability and Prospect Theory/09. Risky Decision-Making.pptx","04 Risky decision making","pptx","primary detailed legacy lecture deck","supporting_duplicate","Chapter 19: Risky Decision-Making","No double counting: integrated through the named canonical source or source family.","3cc29b373c85e827be916ae1868625fd5bcde073a915038b735617feee860565"
"04 - Risk, Probability and Prospect Theory/10. Prospect Theory.pdf","04 Prospect theory and reference-dependent choice","pdf","flattened/print lecture export","supporting_duplicate","Chapter 20: Prospect Theory","No double counting: integrated through the named canonical source or source family.","06461d883136882268f09e66016ccbd3190c61c20404a4ce051c3277e5ce59aa"
"04 - Risk, Probability and Prospect Theory/10. Prospect Theory.pptx","04 Prospect theory and reference-dependent choice","pptx","primary detailed legacy lecture deck","supporting_duplicate","Chapter 20: Prospect Theory","No double counting: integrated through the named canonical source or source family.","37a0dd8e2aeabfdb442c6311383980f2f06b3714622189763ff0cb3841220a66"
"04. Heuristics & Biases.pptx","02 Heuristics and biases — combined lecture","pptx","recent 26-slide synthesis; unsafe as citation authority","supporting_duplicate","Chapters 9–18: heuristics, biases, probability, framing, priming, and fluency","No double counting: integrated through the named canonical source or source family.","cdb37060a5c91748b594289a51abff7c4c6a2ad5fc085597adc456faa25e6cc1"
"05 - Strategic and Social Decisions/11. Behavioral Game Theory.pdf","05/Strategic interdependence and behavioral game theory","pdf","student-facing PDF handout/export","supporting_duplicate","Chapters 27–28: strategic interdependence and behavioral game theory","No double counting: integrated through the named canonical source or source family.","4770047ca75ec93e3d537b7896c2238093e3d6e316cb8607dc1a8ee4c6913d7c"
"05 - Strategic and Social Decisions/11. Behavioral Game Theory.pptx","05/Strategic interdependence and behavioral game theory","pptx","legacy editable lecture deck with speaker notes","incorporated_via_source_family","Chapters 27–28: strategic interdependence and behavioral game theory","Distinctive, relevant concepts, examples, activities, and cautions were integrated in the mapped destination; obsolete administration and unsupported claims were omitted.","86f8bc5e09f78e4ac019508ca11245da576b139733d15e26f277157a1a5a0ce4"
"05 - Strategic and Social Decisions/11. Strategic Interdependence.pdf","05/Strategic interdependence","pdf","student-facing PDF handout/export","supporting_duplicate","Chapters 27–28: strategic interdependence and behavioral game theory","No double counting: integrated through the named canonical source or source family.","0cc32ae7c40203c1e8d4119e2fc9e31f27b97779ebc77e6f054b74da1a652fe5"
"05 - Strategic and Social Decisions/11. Strategic Interdependence.pptx","05/Strategic interdependence","pptx","legacy editable lecture deck with speaker notes","incorporated_via_source_family","Chapters 27–28: strategic interdependence and behavioral game theory","Distinctive, relevant concepts, examples, activities, and cautions were integrated in the mapped destination; obsolete administration and unsupported claims were omitted.","f3a98cb874b947aca17adc73a808c3559f5d91876411cacbb7c46591204c8881"
"05 - Strategic and Social Decisions/12. Cooperation and Coordination.pdf","05/Cooperation and coordination","pdf","student-facing PDF handout/export","supporting_duplicate","Chapter 29: cooperation, repeated interaction, and social preferences","No double counting: integrated through the named canonical source or source family.","1226e88f201caa9aa059aa769a34576fb015786a7b24399976dce3b66b3d80dc"
"05 - Strategic and Social Decisions/12. Cooperation and Coordination.pptx","05/Cooperation and coordination","pptx","legacy editable lecture deck with speaker notes","incorporated_via_source_family","Chapter 29: cooperation, repeated interaction, and social preferences","Distinctive, relevant concepts, examples, activities, and cautions were integrated in the mapped destination; obsolete administration and unsupported claims were omitted.","1fb9159cde8d543ac91b1fd5b50cccb342548480ef8dfd7e48af90c503a8551f"
"05 - Strategic and Social Decisions/13. Social Norms.pdf","05/Social preferences and norms","pdf","student-facing PDF handout/export","supporting_duplicate","Chapters 29 and 31–32: social preferences, norms, and culture","No double counting: integrated through the named canonical source or source family.","931e19ecb89932bb70a47f8c03a24273485a098ab5a4ae185f2109787813f823"
"05 - Strategic and Social Decisions/13. Social Norms.pptx","05/Social preferences and norms","pptx","legacy editable lecture deck with speaker notes","incorporated_via_source_family","Chapters 29 and 31–32: social preferences, norms, and culture","Distinctive, relevant concepts, examples, activities, and cautions were integrated in the mapped destination; obsolete administration and unsupported claims were omitted.","e8eb092373ac74260a1d2f36766bd6353436253180bac8b53dd5054c83debd10"
"05 - Strategic and Social Decisions/13. Social Preferences and Social Norms.pdf","05/Social preferences and norms","pdf","combined composite PDF handout","supporting_duplicate","Chapters 29 and 31–32: social preferences, norms, and culture","No double counting: integrated through the named canonical source or source family.","3f1fce841c2d68a8b2d614f4a7a10eeaef6611354fda0eb8e020c0b6afb49a0e"
"05 - Strategic and Social Decisions/13. Social Preferences and Social Norms.pptx","05/Social preferences and norms","pptx","combined composite deck/handout","supporting_duplicate","Chapters 29 and 31–32: social preferences, norms, and culture","No double counting: integrated through the named canonical source or source family.","eb719100d78f445206709fac4daa14070f5ee8b1e5a5143fc3a71c830adb8497"
"05 - Strategic and Social Decisions/13. Social Preferences.pdf","05/Social preferences and norms","pdf","student-facing PDF handout/export","supporting_duplicate","Chapters 29 and 31–32: social preferences, norms, and culture","No double counting: integrated through the named canonical source or source family.","724f5074feb1be74d92158523029f77ef2079d4fb44a4ab7d928df4b8000aed2"
"05 - Strategic and Social Decisions/13. Social Preferences.pptx","05/Social preferences and norms","pptx","legacy editable lecture deck with speaker notes","incorporated_via_source_family","Chapters 29 and 31–32: social preferences, norms, and culture","Distinctive, relevant concepts, examples, activities, and cautions were integrated in the mapped destination; obsolete administration and unsupported claims were omitted.","d902dbd59886b44b2772d6de714550e3bd67f667176bab7157c617e0535f8fd6"
"05 - Strategic and Social Decisions/21. Evolutionary Game Theory.pptx","05/Evolutionary game theory","pptx","legacy editable lecture deck with speaker notes","incorporated_via_source_family","Chapter 29: advanced evolutionary-game layer","Distinctive, relevant concepts, examples, activities, and cautions were integrated in the mapped destination; obsolete administration and unsupported claims were omitted.","96a277dbf121501525d58017627ce74447c6df125eccffc2b5d372cc6037864f"
"05 - Strategic and Social Decisions/22. Evolution of Cooperation.pptx","05/Evolutionary game theory","pptx","incomplete eight-slide lecture fragment","incorporated_via_source_family","Chapter 29: advanced evolutionary-game layer","Distinctive, relevant concepts, examples, activities, and cautions were integrated in the mapped destination; obsolete administration and unsupported claims were omitted.","0bab5e212aaf3d97248ace2612375133742fc9a9bf01dffe4458366409ed6195"
"05 - Strategic and Social Decisions/Evolutionary Game Theory/EvolutionaryGameTheory.aux","05/Evolutionary game theory/TeX build","aux","LaTeX build auxiliary","excluded_noncontent","Chapter 29: advanced evolutionary-game layer","Administrative or generated build artifact; inventoried and verified, but it contains no book content.","3e6e0dec9f23cc46fac8b7bb6b5e3a4d9024ad432e2ad45d8c961783b838d223"
"05 - Strategic and Social Decisions/Evolutionary Game Theory/EvolutionaryGameTheory.bbl","05/Evolutionary game theory/TeX build","bbl","generated bibliography","excluded_noncontent","Chapter 29: advanced evolutionary-game layer","Administrative or generated build artifact; inventoried and verified, but it contains no book content.","38dfc974303a300f20b5cdcd96942b0686d8e3acef426c9e4f744625f0fb9b66"
"05 - Strategic and Social Decisions/Evolutionary Game Theory/EvolutionaryGameTheory.blg","05/Evolutionary game theory/TeX build","blg","BibTeX build log","excluded_noncontent","Chapter 29: advanced evolutionary-game layer","Administrative or generated build artifact; inventoried and verified, but it contains no book content.","d3a8758d3296033e2699fe398546bcaa3a0cef7bf5a218a2515350634537d42b"
"05 - Strategic and Social Decisions/Evolutionary Game Theory/EvolutionaryGameTheory.log","05/Evolutionary game theory/TeX build","log","LaTeX compilation log","excluded_noncontent","Chapter 29: advanced evolutionary-game layer","Administrative or generated build artifact; inventoried and verified, but it contains no book content.","c772ad5351373a986c58297f67040f49637ddbb4c00c43d55f2786f810fbffac"
"05 - Strategic and Social Decisions/Evolutionary Game Theory/EvolutionaryGameTheory.nav","05/Evolutionary game theory/TeX build","nav","Beamer navigation artifact","excluded_noncontent","Chapter 29: advanced evolutionary-game layer","Administrative or generated build artifact; inventoried and verified, but it contains no book content.","52067fd573ea64deb2002dab4bca26fe63fdf5061ec46ebbf082880fe656b4c0"
"05 - Strategic and Social Decisions/Evolutionary Game Theory/EvolutionaryGameTheory.out","05/Evolutionary game theory/TeX build","out","PDF bookmark/navigation artifact","excluded_noncontent","Chapter 29: advanced evolutionary-game layer","Administrative or generated build artifact; inventoried and verified, but it contains no book content.","55170976ebf8db59c830be5114ef328e1d9dc34460a2462771bcb779395d86d0"
"05 - Strategic and Social Decisions/Evolutionary Game Theory/EvolutionaryGameTheory.pdf","05/Evolutionary game theory","pdf","compiled Beamer PDF derivative","supporting_duplicate","Chapter 29: advanced evolutionary-game layer","No double counting: integrated through the named canonical source or source family.","c52456c2ca659f85073227c5dd5e998820d4b7c0e17efb702b43fe28031798f0"
"05 - Strategic and Social Decisions/Evolutionary Game Theory/EvolutionaryGameTheory.snm","05/Evolutionary game theory/TeX build","snm","empty Beamer build artifact","excluded_noncontent","Chapter 29: advanced evolutionary-game layer","Administrative or generated build artifact; inventoried and verified, but it contains no book content.","e3b0c44298fc1c149afbf4c8996fb92427ae41e4649b934ca495991b7852b855"
"05 - Strategic and Social Decisions/Evolutionary Game Theory/EvolutionaryGameTheory.synctex.gz","05/Evolutionary game theory/TeX build","gz","SyncTeX build artifact","excluded_noncontent","Chapter 29: advanced evolutionary-game layer","Administrative or generated build artifact; inventoried and verified, but it contains no book content.","3fd16dd70eabeba5d3dc479dd93b7051589fb9315d8894c2ff40105f4432d870"
"05 - Strategic and Social Decisions/Evolutionary Game Theory/EvolutionaryGameTheory.tex","05/Evolutionary game theory","tex","editable canonical TeX lecture source","supporting_duplicate","Chapter 29: advanced evolutionary-game layer","No double counting: integrated through the named canonical source or source family.","05e8a8b74a6b6ce6d8d85a5c71944e3e0372b5245e999dc04405654a63c4adeb"
"05 - Strategic and Social Decisions/Evolutionary Game Theory/EvolutionaryGameTheory.toc","05/Evolutionary game theory/TeX build","toc","Beamer table-of-contents artifact","excluded_noncontent","Chapter 29: advanced evolutionary-game layer","Administrative or generated build artifact; inventoried and verified, but it contains no book content.","dff924ed50b1b31e1f791061a0980cbd528f31afcdf4482f4b87980a8d94ddc5"
"05 - Strategic and Social Decisions/Evolutionary Game Theory/NetLogo/2by2_game.nlogo","05/Evolutionary game theory/NetLogo models","nlogo","editable NetLogo model source","incorporated_via_source_family","Chapter 29: advanced evolutionary-game layer","Distinctive, relevant concepts, examples, activities, and cautions were integrated in the mapped destination; obsolete administration and unsupported claims were omitted.","4daabf922c67ad78bb15ade1fae7bb9f4f63271009e0b9498a56ca1268d144ce"
"05 - Strategic and Social Decisions/Evolutionary Game Theory/NetLogo/Ethnocentrism.nlogo","05/Evolutionary game theory/NetLogo models","nlogo","editable NetLogo model source","incorporated_via_source_family","Chapter 29: advanced evolutionary-game layer","Distinctive, relevant concepts, examples, activities, and cautions were integrated in the mapped destination; obsolete administration and unsupported claims were omitted.","444582d3adc018f904acc1ce4aec7a7ec85802f9c8ebc8521f5e998a33c3c629"
"05 - Strategic and Social Decisions/Evolutionary Game Theory/NetLogo/Segregation.nlogo","05/Evolutionary game theory/NetLogo models","nlogo","editable NetLogo model source","incorporated_via_source_family","Chapter 29: advanced evolutionary-game layer","Distinctive, relevant concepts, examples, activities, and cautions were integrated in the mapped destination; obsolete administration and unsupported claims were omitted.","50a2a3229e36f4c22bd7434fd33ae5b2f29eb4ba479f21ceefa92d23d2a01f32"
"05 - Strategic and Social Decisions/Evolutionary Game Theory/NetLogo/spatial_PD.nlogo","05/Evolutionary game theory/NetLogo models","nlogo","editable NetLogo model source","incorporated_via_source_family","Chapter 29: advanced evolutionary-game layer","Distinctive, relevant concepts, examples, activities, and cautions were integrated in the mapped destination; obsolete administration and unsupported claims were omitted.","f3c9c9ce7878ba3f36e421c5b469902a2ec6c3fbc290f7fb11f47c037ee1046f"
"05 - Strategic and Social Decisions/Evolutionary Game Theory/NetLogo/spatial_PD_10.nlogo","05/Evolutionary game theory/NetLogo models","nlogo","editable NetLogo model source","incorporated_via_source_family","Chapter 29: advanced evolutionary-game layer","Distinctive, relevant concepts, examples, activities, and cautions were integrated in the mapped destination; obsolete administration and unsupported claims were omitted.","e83b6194ea5d7f97d9bf1b26f640b7fa83d5886954460897de3ee1744f527662"
"05 - Strategic and Social Decisions/Evolutionary Game Theory/NetLogo/spatial_game.nlogo","05/Evolutionary game theory/NetLogo models","nlogo","editable NetLogo model source","incorporated_via_source_family","Chapter 29: advanced evolutionary-game layer","Distinctive, relevant concepts, examples, activities, and cautions were integrated in the mapped destination; obsolete administration and unsupported claims were omitted.","c741405fddb24c210bc017af2fdd73a14730855118ee8904baa46dd87b7e149c"
"05 - Strategic and Social Decisions/Evolutionary Game Theory/NetLogo/spatial_game_10.nlogo","05/Evolutionary game theory/NetLogo models","nlogo","editable NetLogo model source","incorporated_via_source_family","Chapter 29: advanced evolutionary-game layer","Distinctive, relevant concepts, examples, activities, and cautions were integrated in the mapped destination; obsolete administration and unsupported claims were omitted.","4a0b3c46ba08472e77c64db24105e1aef90ce10ca79c06af7331ba39384f3b46"
"05 - Strategic and Social Decisions/Evolutionary Game Theory/img/.picasa.ini","05/Evolutionary game theory/images","ini","Picasa crop/rotation metadata","excluded_noncontent","Chapter 29: advanced evolutionary-game layer","Administrative or generated build artifact; inventoried and verified, but it contains no book content.","8fea2b672d0bea431a0f79c89dea5f27fc1c70207f9bef5c548fdd263a870ec0"
"05 - Strategic and Social Decisions/Evolutionary Game Theory/img/.picasaoriginals/.picasa.ini","05/Evolutionary game theory/images","ini","Picasa crop/rotation metadata","excluded_noncontent","Chapter 29: advanced evolutionary-game layer","Administrative or generated build artifact; inventoried and verified, but it contains no book content.","093e35b35f14b781d18795bf83732d68609a59d2404fcbb81867e5e2ac5601d2"
"05 - Strategic and Social Decisions/Evolutionary Game Theory/img/.picasaoriginals/PD_200.png","05/Evolutionary game theory/images","png","archived pre-crop original","supporting_duplicate","Chapter 29: advanced evolutionary-game layer","No double counting: integrated through the named canonical source or source family.","d6d0ca2626bb5bf82764c5474bb69b4a9db7f96c74f8ec28ae293af414f218c8"
"05 - Strategic and Social Decisions/Evolutionary Game Theory/img/.picasaoriginals/PD_initial.png","05/Evolutionary game theory/images","png","archived pre-crop original","supporting_duplicate","Chapter 29: advanced evolutionary-game layer","No double counting: integrated through the named canonical source or source family.","a8f34f3159d5d2de5ce06c78bfb1533a88c9654a39c7a832d5436f19681d6d43"
"05 - Strategic and Social Decisions/Evolutionary Game Theory/img/.picasaoriginals/schelling.jpg","05/Evolutionary game theory/images","jpg","archived pre-crop original","supporting_duplicate","Chapter 29: advanced evolutionary-game layer","No double counting: integrated through the named canonical source or source family.","47f5a941662e3f872f8426fcaa8954fb0ad41ff49ceee8ba392ec65c7a3a02b1"
"05 - Strategic and Social Decisions/Evolutionary Game Theory/img/1-s2.0-S0022519307001439-main.pdf","05/Evolutionary game theory/research article","pdf","copyrighted publisher article PDF","incorporated_via_source_family","Chapter 29: advanced evolutionary-game layer","Distinctive, relevant concepts, examples, activities, and cautions were integrated in the mapped destination; obsolete administration and unsupported claims were omitted.","7f7f98324a4872261cc12ca56dcfcf7f8a45c5d00ad68977a4c30097800c5b42"
"05 - Strategic and Social Decisions/Evolutionary Game Theory/img/1-s2.0-S0022519307001439-main.png","05/Evolutionary game theory/research article","png","copyrighted publisher-article first-page raster","supporting_duplicate","Chapter 29: advanced evolutionary-game layer","No double counting: integrated through the named canonical source or source family.","fdf27ba31250f4feefb0d148e5ecd68c71f1b55773250f165efa357c619b172e"
"05 - Strategic and Social Decisions/Evolutionary Game Theory/img/1.png","05/Evolutionary game theory/images","png","lecture image asset","not_reused_rights_or_provenance","Chapter 29: advanced evolutionary-game layer","Source raster was not copied or cosmetically modified; the underlying concept was independently redrawn or regenerated where verifiable.","f42542f6d05856f35a72c89a318b17added6ba1a660d2f68389a752322433080"
"05 - Strategic and Social Decisions/Evolutionary Game Theory/img/2.png","05/Evolutionary game theory/images","png","lecture image asset","not_reused_rights_or_provenance","Chapter 29: advanced evolutionary-game layer","Source raster was not copied or cosmetically modified; the underlying concept was independently redrawn or regenerated where verifiable.","b8ef26f19f357e98df8c23906d6fdf8e8242a86fc483aecfe1e28f80259b0666"
"05 - Strategic and Social Decisions/Evolutionary Game Theory/img/3.png","05/Evolutionary game theory/images","png","lecture image asset","not_reused_rights_or_provenance","Chapter 29: advanced evolutionary-game layer","Source raster was not copied or cosmetically modified; the underlying concept was independently redrawn or regenerated where verifiable.","07b9da37d9861c0d7e65296c52d9a624e99b21ffa1eca61dba96a918285ec0ea"
"05 - Strategic and Social Decisions/Evolutionary Game Theory/img/4.png","05/Evolutionary game theory/images","png","lecture image asset","not_reused_rights_or_provenance","Chapter 29: advanced evolutionary-game layer","Source raster was not copied or cosmetically modified; the underlying concept was independently redrawn or regenerated where verifiable.","66468b2571143c885db4c09c686825d823332a1f3d1f0d8671dfc2d650df2971"
"05 - Strategic and Social Decisions/Evolutionary Game Theory/img/5.png","05/Evolutionary game theory/images","png","lecture image asset","not_reused_rights_or_provenance","Chapter 29: advanced evolutionary-game layer","Source raster was not copied or cosmetically modified; the underlying concept was independently redrawn or regenerated where verifiable.","88b44d0c9ec0ce20818beae7e2b6d0e3b5e7e4cc4b64c4e896e20baf2a1ab620"
"05 - Strategic and Social Decisions/Evolutionary Game Theory/img/6.png","05/Evolutionary game theory/images","png","lecture image asset","not_reused_rights_or_provenance","Chapter 29: advanced evolutionary-game layer","Source raster was not copied or cosmetically modified; the underlying concept was independently redrawn or regenerated where verifiable.","12dba4936b9a33752123f2cbc33b39af70a203e4893743204af15196c1072975"
"05 - Strategic and Social Decisions/Evolutionary Game Theory/img/Evolution.jpg","05/Evolutionary game theory/images","jpg","lecture image asset","not_reused_rights_or_provenance","Chapter 29: advanced evolutionary-game layer","Source raster was not copied or cosmetically modified; the underlying concept was independently redrawn or regenerated where verifiable.","d38e9218599edbd23c0a81f210b88b920358a3b055f44260d72f494156451171"
"05 - Strategic and Social Decisions/Evolutionary Game Theory/img/PD_100.png","05/Evolutionary game theory/images","png","lecture image asset","not_reused_rights_or_provenance","Chapter 29: advanced evolutionary-game layer","Source raster was not copied or cosmetically modified; the underlying concept was independently redrawn or regenerated where verifiable.","ea82029bed247c6a3d2230793409361db16c04c95ed1fb98f9e2da9480a1554c"
"05 - Strategic and Social Decisions/Evolutionary Game Theory/img/PD_200i.jpg","05/Evolutionary game theory/images","jpg","lecture image asset","not_reused_rights_or_provenance","Chapter 29: advanced evolutionary-game layer","Source raster was not copied or cosmetically modified; the underlying concept was independently redrawn or regenerated where verifiable.","3e1026117f0cd04294d129ed182252b4c3e61034ce85f334cb76baadb841d475"
"05 - Strategic and Social Decisions/Evolutionary Game Theory/img/PD_50o.png","05/Evolutionary game theory/images","png","lecture image asset","not_reused_rights_or_provenance","Chapter 29: advanced evolutionary-game layer","Source raster was not copied or cosmetically modified; the underlying concept was independently redrawn or regenerated where verifiable.","7000b1c2a8298ef624ff0ab2ad50044f88c1da347357597174a975a5b54b96f1"
"05 - Strategic and Social Decisions/Evolutionary Game Theory/img/PD_initial.png","05/Evolutionary game theory/images","png","lecture image asset","not_reused_rights_or_provenance","Chapter 29: advanced evolutionary-game layer","Source raster was not copied or cosmetically modified; the underlying concept was independently redrawn or regenerated where verifiable.","01a4ec6fdaa576cdc93afffebc90f7d65c0e65c95433302d65834313021b76a6"
"05 - Strategic and Social Decisions/Evolutionary Game Theory/img/PD_initial0.png","05/Evolutionary game theory/images","png","lecture image asset","not_reused_rights_or_provenance","Chapter 29: advanced evolutionary-game layer","Source raster was not copied or cosmetically modified; the underlying concept was independently redrawn or regenerated where verifiable.","3b4a0c0dee0dc71233a2b41e8e2d08d80f38985cc3562f62d6fc395e21f3f892"
"05 - Strategic and Social Decisions/Evolutionary Game Theory/img/PD_initial1.jpg","05/Evolutionary game theory/images","jpg","lecture image asset","not_reused_rights_or_provenance","Chapter 29: advanced evolutionary-game layer","Source raster was not copied or cosmetically modified; the underlying concept was independently redrawn or regenerated where verifiable.","c2479aed3f19f393b406c84f9b2cc0603b7070c151125c5e1b4214694eda86ee"
"05 - Strategic and Social Decisions/Evolutionary Game Theory/img/RefereeReport.docx","05/Evolutionary game theory/images","docx","blank Word artifact","excluded_noncontent","Chapter 29: advanced evolutionary-game layer","Blank document; inventoried and verified, with no substantive material to integrate.","04fb8b3fdbf7e966d404cf004bf3fdc197753806a303f38a3abd255cd76ebe02"
"05 - Strategic and Social Decisions/Evolutionary Game Theory/img/beatles1.png","05/Evolutionary game theory/images","png","lecture image asset","not_reused_rights_or_provenance","Chapter 29: advanced evolutionary-game layer","Source raster was not copied or cosmetically modified; the underlying concept was independently redrawn or regenerated where verifiable.","2a644bbcc2b6c04f9ec7fdee06b62b4a7a3f6d56a4a54fb5840a6e5efe3a6bbe"
"05 - Strategic and Social Decisions/Evolutionary Game Theory/img/beatles2.png","05/Evolutionary game theory/images","png","lecture image asset","not_reused_rights_or_provenance","Chapter 29: advanced evolutionary-game layer","Source raster was not copied or cosmetically modified; the underlying concept was independently redrawn or regenerated where verifiable.","3aeb5da801624fffda71ee7b31dbb5a231162270c7e199dfabd747880af87130"
"05 - Strategic and Social Decisions/Evolutionary Game Theory/img/beatles3.png","05/Evolutionary game theory/images","png","lecture image asset","not_reused_rights_or_provenance","Chapter 29: advanced evolutionary-game layer","Source raster was not copied or cosmetically modified; the underlying concept was independently redrawn or regenerated where verifiable.","d0e4133606bca84d107564dfb8f61da7cf60d270a62c1b539bdad49363816f4d"
"05 - Strategic and Social Decisions/Evolutionary Game Theory/img/darwin.jpg","05/Evolutionary game theory/images","jpg","lecture image asset","not_reused_rights_or_provenance","Chapter 29: advanced evolutionary-game layer","Source raster was not copied or cosmetically modified; the underlying concept was independently redrawn or regenerated where verifiable.","39926ce706ed80e19084c824f3f2a11a9297a0f9c3b2394c4c6d43d135ef4dd0"
"05 - Strategic and Social Decisions/Evolutionary Game Theory/img/darwin0.jpg","05/Evolutionary game theory/images","jpg","lecture image asset","not_reused_rights_or_provenance","Chapter 29: advanced evolutionary-game layer","Source raster was not copied or cosmetically modified; the underlying concept was independently redrawn or regenerated where verifiable.","3aba5f28050a106e9ffe6d09a1cee36d2f9c775ac32cb597cfbca9dd944ea176"
"05 - Strategic and Social Decisions/Evolutionary Game Theory/img/ethnocentrism.png","05/Evolutionary game theory/images","png","lecture image asset","not_reused_rights_or_provenance","Chapter 29: advanced evolutionary-game layer","Source raster was not copied or cosmetically modified; the underlying concept was independently redrawn or regenerated where verifiable.","1cd37faa15c5c721b542bfda6d6da69e3193afae1aa55883c36dbf835b9ffd86"
"05 - Strategic and Social Decisions/Evolutionary Game Theory/img/ethnocentrism0.png","05/Evolutionary game theory/images","png","lecture image asset","not_reused_rights_or_provenance","Chapter 29: advanced evolutionary-game layer","Source raster was not copied or cosmetically modified; the underlying concept was independently redrawn or regenerated where verifiable.","ad033d270405e4491f826d92bb0e2e1e99da198a8b26808a5ecb84b1b1ffa64a"
"05 - Strategic and Social Decisions/Evolutionary Game Theory/img/ethnocentrism_explanation.png","05/Evolutionary game theory/images","png","lecture image asset","not_reused_rights_or_provenance","Chapter 29: advanced evolutionary-game layer","Source raster was not copied or cosmetically modified; the underlying concept was independently redrawn or regenerated where verifiable.","7d3f69a582e6ae5379154fc7475e7deb1990222e10f808b9dd068166795e4fe3"
"05 - Strategic and Social Decisions/Evolutionary Game Theory/img/ethnocentrism_initial.png","05/Evolutionary game theory/images","png","lecture image asset","not_reused_rights_or_provenance","Chapter 29: advanced evolutionary-game layer","Source raster was not copied or cosmetically modified; the underlying concept was independently redrawn or regenerated where verifiable.","6a8720040c71c6fe31bef13af618aeeab7767bf1c2097516d2a76a9899a93650"
"05 - Strategic and Social Decisions/Evolutionary Game Theory/img/ethnocentrism_initial0.png","05/Evolutionary game theory/images","png","lecture image asset","not_reused_rights_or_provenance","Chapter 29: advanced evolutionary-game layer","Source raster was not copied or cosmetically modified; the underlying concept was independently redrawn or regenerated where verifiable.","b24f3125de0a330977f7dfcceaeca080819d14553f2dc84da07119579a007322"
"05 - Strategic and Social Decisions/Evolutionary Game Theory/img/giraffes.png","05/Evolutionary game theory/images","png","lecture image asset","not_reused_rights_or_provenance","Chapter 29: advanced evolutionary-game layer","Source raster was not copied or cosmetically modified; the underlying concept was independently redrawn or regenerated where verifiable.","f493a355d8030c6e0776fd01bf212e2fc5ffc6c9a5f1df66b7ecf6bf7d92710f"
"05 - Strategic and Social Decisions/Evolutionary Game Theory/img/hawkdove1.png","05/Evolutionary game theory/images","png","lecture image asset","not_reused_rights_or_provenance","Chapter 29: advanced evolutionary-game layer","Source raster was not copied or cosmetically modified; the underlying concept was independently redrawn or regenerated where verifiable.","c69bea55fa39f630d35c8cf9187ee3bb611688cf95e0ce453ffb60e7bfcdea9c"
"05 - Strategic and Social Decisions/Evolutionary Game Theory/img/hawkdove2.png","05/Evolutionary game theory/images","png","lecture image asset","not_reused_rights_or_provenance","Chapter 29: advanced evolutionary-game layer","Source raster was not copied or cosmetically modified; the underlying concept was independently redrawn or regenerated where verifiable.","4395782805b2460f7868756ad1107ee5dbbbec978e8f115740b029907c44dc62"
"05 - Strategic and Social Decisions/Evolutionary Game Theory/img/hawkdove3.png","05/Evolutionary game theory/images","png","lecture image asset","not_reused_rights_or_provenance","Chapter 29: advanced evolutionary-game layer","Source raster was not copied or cosmetically modified; the underlying concept was independently redrawn or regenerated where verifiable.","c15f785cc2f55e750944a2cbb999a89f3fd85eb51ba60973aa78baa1c741d899"
"05 - Strategic and Social Decisions/Evolutionary Game Theory/img/neighbors.png","05/Evolutionary game theory/images","png","lecture image asset","not_reused_rights_or_provenance","Chapter 29: advanced evolutionary-game layer","Source raster was not copied or cosmetically modified; the underlying concept was independently redrawn or regenerated where verifiable.","aef2032f2565efc4ba0ca8770a2fc6c3fd5fd36a1f04ce05cbebade6f76f219d"
"05 - Strategic and Social Decisions/Evolutionary Game Theory/img/schelling.jpg","05/Evolutionary game theory/images","jpg","lecture image asset","not_reused_rights_or_provenance","Chapter 29: advanced evolutionary-game layer","Source raster was not copied or cosmetically modified; the underlying concept was independently redrawn or regenerated where verifiable.","08d9862e6f4e60fdcbd39db3a30de7a24f21fc351d95163f16d7df66d6842324"
"05 - Strategic and Social Decisions/Evolutionary Game Theory/img/segregation_equilibrium.png","05/Evolutionary game theory/images","png","lecture image asset","not_reused_rights_or_provenance","Chapter 29: advanced evolutionary-game layer","Source raster was not copied or cosmetically modified; the underlying concept was independently redrawn or regenerated where verifiable.","967bee083a8c2c69facf2ba51fa4d219bcfadc4291305f93fa4d86c764107e2b"
"05 - Strategic and Social Decisions/Evolutionary Game Theory/img/segregation_initial.png","05/Evolutionary game theory/images","png","lecture image asset","not_reused_rights_or_provenance","Chapter 29: advanced evolutionary-game layer","Source raster was not copied or cosmetically modified; the underlying concept was independently redrawn or regenerated where verifiable.","fff46f9a01f191522c600032eeb545287381d1e470ba3581ca340c23f93f0426"
"05 - Strategic and Social Decisions/Evolutionary Game Theory/img/segregation_update1.png","05/Evolutionary game theory/images","png","lecture image asset","not_reused_rights_or_provenance","Chapter 29: advanced evolutionary-game layer","Source raster was not copied or cosmetically modified; the underlying concept was independently redrawn or regenerated where verifiable.","9d56810da31b535557d458014a51aaee50947ead60ee8da3deb250540bead76f"
"05 - Strategic and Social Decisions/Evolutionary Game Theory/img/staghunt1.png","05/Evolutionary game theory/images","png","lecture image asset","not_reused_rights_or_provenance","Chapter 29: advanced evolutionary-game layer","Source raster was not copied or cosmetically modified; the underlying concept was independently redrawn or regenerated where verifiable.","b8802f5456b11c5218a0e3c45cb9ebe424818d9e1928c539d706d006501b4be9"
"05 - Strategic and Social Decisions/Evolutionary Game Theory/img/staghunt2.png","05/Evolutionary game theory/images","png","lecture image asset","not_reused_rights_or_provenance","Chapter 29: advanced evolutionary-game layer","Source raster was not copied or cosmetically modified; the underlying concept was independently redrawn or regenerated where verifiable.","ef22fcfba3e882b134f5f292c3d3af7fd5693c254cf4a472139286b080f21a7b"
"05 - Strategic and Social Decisions/Evolutionary Game Theory/img/staghunt3.png","05/Evolutionary game theory/images","png","lecture image asset","not_reused_rights_or_provenance","Chapter 29: advanced evolutionary-game layer","Source raster was not copied or cosmetically modified; the underlying concept was independently redrawn or regenerated where verifiable.","dfb355e2b9ddbca2c8179c1a8efe3fa7f5a334e61b9c3ef1b63ec523cae9f6f7"
"05 - Strategic and Social Decisions/Evolutionary Game Theory/img/staghunt4.png","05/Evolutionary game theory/images","png","lecture image asset","not_reused_rights_or_provenance","Chapter 29: advanced evolutionary-game layer","Source raster was not copied or cosmetically modified; the underlying concept was independently redrawn or regenerated where verifiable.","7d0ed4a0e6c79b5d002187c7a991885af4194c08db95750a93d724dea69c6e8a"
"05 - Strategic and Social Decisions/Evolutionary Game Theory/img/strategy_dynamics.png","05/Evolutionary game theory/images","png","lecture image asset","not_reused_rights_or_provenance","Chapter 29: advanced evolutionary-game layer","Source raster was not copied or cosmetically modified; the underlying concept was independently redrawn or regenerated where verifiable.","e45bc27dd6ab63f7b2ac692e6b507bd133a5f3562efdb62fe578af09aae6e761"
"05 - Strategic and Social Decisions/Evolutionary Game Theory/img/strategy_dynamics0.png","05/Evolutionary game theory/images","png","lecture image asset","not_reused_rights_or_provenance","Chapter 29: advanced evolutionary-game layer","Source raster was not copied or cosmetically modified; the underlying concept was independently redrawn or regenerated where verifiable.","2e9acce7381e5d3c9480108d017ac9448edd19ca38f0604ceaf9ee0f636f3cd3"
"05. Habit and Behavior Design.pptx","03 Habits and behavior design","pptx","recent 26-slide synthesis; unsafe as citation authority","supporting_duplicate","Chapters 44–48: habits, self-control, behavior and decision design","No double counting: integrated through the named canonical source or source family.","fc966d79ef6fb7f9accb91c145d64d1a8871e891b18813d0933b73759a7d883c"
"06 - Time, Money and Finance/14. Asset Bubbles.pdf","06/Asset bubbles","pdf","student-facing PDF handout/export","supporting_duplicate","Chapter 25: Asset Bubbles","No double counting: integrated through the named canonical source or source family.","124b25b7208771479eb2929287aa86ad330581ac5cfd17cb4bf8709161fb25f9"
"06 - Time, Money and Finance/14. Asset Bubbles.pptx","06/Asset bubbles","pptx","legacy editable lecture deck with speaker notes","incorporated_via_source_family","Chapter 25: Asset Bubbles","Distinctive, relevant concepts, examples, activities, and cautions were integrated in the mapped destination; obsolete administration and unsupported claims were omitted.","48742da32a2ae8631e3e7d41bab6ffa2a285a48905ef2fa94779b52ebb0cac37"
"06 - Time, Money and Finance/15. Investment Decisions.pdf","06/Behavioral finance and investment decisions","pdf","student-facing PDF handout/export","supporting_duplicate","Chapter 24: Behavioral Finance","No double counting: integrated through the named canonical source or source family.","fe2e9f9f9f26ab9e1fbd7db8b6ca04155262bf030e10c513c1b31038787d329b"
"06 - Time, Money and Finance/15. Investment Decisions.pptx","06/Behavioral finance and investment decisions","pptx","legacy editable lecture deck with speaker notes","incorporated_via_source_family","Chapter 24: Behavioral Finance","Distinctive, relevant concepts, examples, activities, and cautions were integrated in the mapped destination; obsolete administration and unsupported claims were omitted.","bb7623ee5d3fb0efffaee430b19057c29b6884527a36c5d2c4ca25ebff2f8c35"
"06 - Time, Money and Finance/16. Intertemporal Decision-Making.pdf","06/Intertemporal choice","pdf","student-facing PDF handout/export","supporting_duplicate","Chapter 22: Intertemporal Decision-Making; bridge to Chapter 26","No double counting: integrated through the named canonical source or source family.","3b30514d9fd68089e913ae0d6fb859f42f4e9490bda74dd0d7720a34848d958c"
"06 - Time, Money and Finance/16. Intertemporal Decision-Making.pptx","06/Intertemporal choice","pptx","legacy editable lecture deck with speaker notes","incorporated_via_source_family","Chapter 22: Intertemporal Decision-Making; bridge to Chapter 26","Distinctive, relevant concepts, examples, activities, and cautions were integrated in the mapped destination; obsolete administration and unsupported claims were omitted.","de81827d906a52efebf4ef225e543682f5d5e4293712524a96f98cf61d8df3d0"
"06 - Time, Money and Finance/19. Mental Acounting.pdf","06/Mental accounting","pdf","student-facing PDF handout/export","supporting_duplicate","Chapter 23: Mental Accounting","No double counting: integrated through the named canonical source or source family.","24eea7093077a5807e8549afdd8a5ceecb40f7f8ebe18622e0c4d37e284e128e"
"06 - Time, Money and Finance/19. Mental Acounting.pptx","06/Mental accounting","pptx","legacy editable lecture deck with speaker notes","incorporated_via_source_family","Chapter 23: Mental Accounting","Distinctive, relevant concepts, examples, activities, and cautions were integrated in the mapped destination; obsolete administration and unsupported claims were omitted.","7ec30f77c8c4285a85bdc3ce4b0f800b62e7ac226a0a95e3d010370b8317966f"
"06 - Time, Money and Finance/Money and the Mind.pptx","06/Money and mind composite","pptx","legacy composite deck","supporting_duplicate","Chapters 23–25: mental accounting, finance, and bubbles","No double counting: integrated through the named canonical source or source family.","b9af3b496733d1c6ce3e6962e97c60a8f72c8bc8d615464614fdf672471740ac"
"07 - Decision from Experience and Operations/0x. Market Experiment.pptx","07/Market experiment","pptx","legacy editable lecture deck with speaker notes","incorporated_via_source_family","Chapter 27 and Appendix C: market institutions and experimental evidence","Distinctive, relevant concepts, examples, activities, and cautions were integrated in the mapped destination; obsolete administration and unsupported claims were omitted.","ee15e20668a630657c85ebf39ccd4c21f57473b71066e1edc5c488eee890c144"
"07 - Decision from Experience and Operations/20. Newsvendor problem.pdf","07/Newsvendor/operations","pdf","PDF lecture source/handout","incorporated_via_source_family","Chapter 19: newsvendor application","Distinctive, relevant concepts, examples, activities, and cautions were integrated in the mapped destination; obsolete administration and unsupported claims were omitted.","4e4a349c7c71d61f196d8a297ed6a422590951baf9b2e2d818ae579820e27b86"
"07 - Decision from Experience and Operations/22. Decision making from expereience.pdf","07/Decision from experience","pdf","PDF lecture source/handout","incorporated_via_source_family","Chapter 21: Decisions from Experience","Distinctive, relevant concepts, examples, activities, and cautions were integrated in the mapped destination; obsolete administration and unsupported claims were omitted.","439c6d17ab00ddac7ad86ee19334122353616210eccf38b81f890d27e9ab85c9"
"07 - Decision from Experience and Operations/23. Decision from Experience.pptx","07/Decision from experience","pptx","legacy editable lecture deck with speaker notes","incorporated_via_source_family","Chapter 21: Decisions from Experience","Distinctive, relevant concepts, examples, activities, and cautions were integrated in the mapped destination; obsolete administration and unsupported claims were omitted.","7c796e605e94a0fa527f1beeb929ece9e833fff776f50ce5e61722bdb333af2b"
"08 - Research Methods/17. Conduct Research in Behavioral Economics.pdf","08 - Research Methods","pdf","visible-slide PDF export / derivative","supporting_duplicate","Appendix C: How Behavioral Evidence Is Built","No double counting: integrated through the named canonical source or source family.","3345d80502bf06becf857140b0eefb58e2aa50a8c55b0213eca485bb87071745"
"08 - Research Methods/17. Conduct Research in Behavioral Economics.pptx","08 - Research Methods","pptx","canonical editable methods deck","incorporated_via_source_family","Appendix C: How Behavioral Evidence Is Built","Distinctive, relevant concepts, examples, activities, and cautions were integrated in the mapped destination; obsolete administration and unsupported claims were omitted.","15b671692733b8913fce9fda04372e238bc14fc7982305b0f3fb785a690eab88"
"08 - Research Methods/18. Formulate Research Questions.pdf","08 - Research Methods","pdf","visible-slide PDF export / older derivative","supporting_duplicate","Appendix C: How Behavioral Evidence Is Built","No double counting: integrated through the named canonical source or source family.","33d05709a92f02c093150678a2c02079328584a2242117bcbca1f05a25032888"
"08 - Research Methods/18. Formulate Research Questions.pptx","08 - Research Methods","pptx","canonical editable RQ/ABT deck","incorporated_via_source_family","Appendix C: How Behavioral Evidence Is Built","Distinctive, relevant concepts, examples, activities, and cautions were integrated in the mapped destination; obsolete administration and unsupported claims were omitted.","49509ad1ac652a1734e726178586edd172c6d63f6cbdfe0277657e08f47d7283"
"08 - Research Methods/25. Threats in Running Experiments.pptx","08 - Research Methods","pptx","canonical editable threats-to-inference deck","incorporated_via_source_family","Appendix C: How Behavioral Evidence Is Built","Distinctive, relevant concepts, examples, activities, and cautions were integrated in the mapped destination; obsolete administration and unsupported claims were omitted.","e89dc867b2de2caf8450445c55ed35687ddbc580c7d85be651fa485719365941"
"08 - Research Methods/Formulate Research Questions - Thesis.pdf","08 - Research Methods","pdf","visible-slide PDF export / derivative","supporting_duplicate","Appendix C: How Behavioral Evidence Is Built","No double counting: integrated through the named canonical source or source family.","b8564c42a091239c1fe4de03f999be129b09435d6ae8f65b01437be163a1abdf"
"08 - Research Methods/Formulate Research Questions - Thesis.pptx","08 - Research Methods","pptx","thesis-oriented variant / near-duplicate","supporting_duplicate","Appendix C: How Behavioral Evidence Is Built","No double counting: integrated through the named canonical source or source family.","102a4101e39b81665c85710eb9d51cfab0370b69f92ce6fea3e330c92a34390d"
"08. Strategic Interdependence.pptx","05/Strategic interdependence","pptx","condensed root synthesis/index","incorporated_via_source_family","Chapters 27–28: strategic interdependence and behavioral game theory","Distinctive, relevant concepts, examples, activities, and cautions were integrated in the mapped destination; obsolete administration and unsupported claims were omitted.","ebafeb3636dbdbe3c0fa39c339b4d595f266b018276f64b65aa965326af96abc"
"09 - Additional Topics/.DS_Store","09 - Additional Topics","none","macOS administrative artifact","excluded_noncontent","none","Administrative or generated build artifact; inventoried and verified, but it contains no book content.","1264059582f53acb4057f5ae26455b90a4ff3193f8dc39a28595b56364da75ca"
"09 - Additional Topics/20. Happiness.pptx","09 - Additional Topics / happiness and behavioral finance","pptx","mixed legacy deck","incorporated_via_source_family","Chapters 24 and 26","Distinctive, relevant concepts, examples, activities, and cautions were integrated in the mapped destination; obsolete administration and unsupported claims were omitted.","39d3370122afc93442eeb00ed8aa69ed8b06c1c1f13f446a33f549282389bb3a"
"09 - Additional Topics/ABT.pdf","09 - Additional Topics / ABT","pdf","legacy ABT handout","incorporated_via_source_family","Chapter 36: evidence-aligned narrative and ABT","Distinctive, relevant concepts, examples, activities, and cautions were integrated in the mapped destination; obsolete administration and unsupported claims were omitted.","22aa20bce3494a746c8954c3a9841cd0107af041c72ecf49133ed3efdcca795e"
"09 - Additional Topics/Existing Additional Topics/146 Happiness.pdf","09 - Additional Topics / subjective well-being","pdf","canonical compact SWB teaching handout","incorporated_via_source_family","Chapter 26: Subjective Well-Being","Distinctive, relevant concepts, examples, activities, and cautions were integrated in the mapped destination; obsolete administration and unsupported claims were omitted.","08838a3bd4155fd74f5682070055e0fa886b09a084f58bb99559634862e12396"
"09 - Additional Topics/Existing Additional Topics/16. Happiness_presentation.pdf","09 - Additional Topics / subjective well-being","pdf","older reveal-build presentation / duplicate","supporting_duplicate","Chapter 26: Subjective Well-Being","No double counting: integrated through the named canonical source or source family.","87eb17aacb3cd0c756a5f9f5add6b5e700d6b93ac4c50147f67c088d04e5975d"
"09 - Additional Topics/Existing Additional Topics/16. SWB_WVS.pdf","09 - Additional Topics / subjective well-being","pdf","single-page copied results table","not_reused_rights_or_provenance","Chapter 26: Subjective Well-Being","Unsafe derivative was not reproduced; claims were checked against an authoritative source or omitted.","3b7fd4862802bafde2e69e9d2530d74ca1e6e968f5ebaf0bc859b8a6b9be0b31"
"09 - Additional Topics/Existing Additional Topics/16. SWB_contries.pdf","09 - Additional Topics / subjective well-being","pdf","single-page copied country table","not_reused_rights_or_provenance","Chapter 26: Subjective Well-Being","Unsafe derivative was not reproduced; claims were checked against an authoritative source or omitted.","31359da1679695570c7507d94cadeb73ba0fe20678062387fba1ba36bb8c5274"
"09 - Additional Topics/Existing Additional Topics/18. Cooperation.pdf","09 - Additional Topics / cooperation","pdf","canonical compact cooperation lecture","incorporated_via_source_family","Chapter 29: cooperation and social preferences","Distinctive, relevant concepts, examples, activities, and cautions were integrated in the mapped destination; obsolete administration and unsupported claims were omitted.","c64e6f06e0b548d4635454e37d3944c53a36abc3fcfee5ab2df8b2422c50816b"
"09 - Additional Topics/Existing Additional Topics/18. Cooperation_presentation.pdf","09 - Additional Topics / cooperation","pdf","older reveal-build presentation / duplicate","supporting_duplicate","Chapter 29: cooperation and social preferences","No double counting: integrated through the named canonical source or source family.","da01af6d529c64424a328758c5bc8271eb1df2863648142761e2f92178d3e184"
"09 - Additional Topics/Existing Additional Topics/18. EvolutionaryGameTheory.pdf","09 - Additional Topics / evolutionary game theory","pdf","legacy theory lecture","incorporated_via_source_family","Chapter 29: advanced evolutionary-game layer","Distinctive, relevant concepts, examples, activities, and cautions were integrated in the mapped destination; obsolete administration and unsupported claims were omitted.","1a1837adf5410589da18fca6623cf3fead56d6e1b053797498b1fd520a366a5c"
"09 - Additional Topics/Existing Additional Topics/Behavioral Decision Theory additional.pptx","09 - Additional Topics / legacy decision theory","pptx","legacy comprehensive teaching compendium","incorporated_via_source_family","Chapters 2, 19, and 20","Distinctive, relevant concepts, examples, activities, and cautions were integrated in the mapped destination; obsolete administration and unsupported claims were omitted.","756049f9d20bf24bd1499fdc4cad9ba713a5493d3c53c013ad0c40ec7d12001c"
"09 - Additional Topics/Existing Additional Topics/Newsvendor Experiment.pptx","09 - Additional Topics / risk elicitation and operations","pptx","small experimental-results deck","incorporated_via_source_family","Chapter 19: risky choice and the newsvendor application","Distinctive, relevant concepts, examples, activities, and cautions were integrated in the mapped destination; obsolete administration and unsupported claims were omitted.","e85bfe817c90b7516511d7cf952a5d05d4c8e3d3be8d165fcbbd5b7b983a58ad"
"09 - Additional Topics/Existing Additional Topics/x. Additional Topics.pptx","09 - Additional Topics / negotiation extensions","pptx","miscellaneous legacy deck","incorporated_via_source_family","Chapters 37–41: unified Negotiation part","Distinctive, relevant concepts, examples, activities, and cautions were integrated in the mapped destination; obsolete administration and unsupported claims were omitted.","25b382ed089751d1eca7d17c2040622138fdfb90440a9f4e4934d550825c31d5"
"09 - Additional Topics/Mind Magic.pptx","09 - Additional Topics / neuroscience and self-help","pptx","mixed neuroscience/self-help deck","incorporated_via_source_family","Chapter 7 and Appendix C; unsupported self-help claims excluded","Distinctive, relevant concepts, examples, activities, and cautions were integrated in the mapped destination; obsolete administration and unsupported claims were omitted.","095389a1b4f9176951054bd1eb03788aca54fce115c8a49b4771775849ec6518"
"09. Behavioral Finance.pptx","06/Behavioral finance and investment decisions","pptx","condensed root synthesis/index","incorporated_via_source_family","Chapter 24: Behavioral Finance","Distinctive, relevant concepts, examples, activities, and cautions were integrated in the mapped destination; obsolete administration and unsupported claims were omitted.","dba778c3626bf4fba2353d87ee167ae843fb84b41c0edd01f0f91d85c3133892"
"11. Behavioral Game Theory.pptx","05/Strategic interdependence and behavioral game theory","pptx","byte-identical duplicate","supporting_duplicate","Chapters 27–28: strategic interdependence and behavioral game theory","No double counting: integrated through the named canonical source or source family.","86f8bc5e09f78e4ac019508ca11245da576b139733d15e26f277157a1a5a0ce4"
"11. Probability Judgment.pptx","04 Probability judgment || ADDITIONAL AUDIT: Root synthesis/Probability judgment","pptx","recent 26-slide synthesis; unsafe as citation authority || ADDITIONAL AUDIT: condensed root synthesis/index","supporting_duplicate","Chapter 13: Probability Judgment","No double counting: integrated through the named canonical source or source family.","ece678b7e73151387226cd9c8f152998c7339b8984d9eba5e34273ebdedff120"
"12. Risky Decision Making.pptx","04 Risky decision making || ADDITIONAL AUDIT: Root synthesis/Risky decision-making","pptx","recent 26-slide synthesis; unsafe as citation authority || ADDITIONAL AUDIT: condensed root synthesis/index","supporting_duplicate","Chapter 19: Risky Decision-Making","No double counting: integrated through the named canonical source or source family.","6a1c46f2142c9fc3971dc1280adf74d8b7a4f831b025f3ad3a85d352b710a591"
"13. Prospect Theory.pptx","04 Prospect theory and reference-dependent choice || ADDITIONAL AUDIT: Root synthesis/Prospect theory","pptx","recent 26-slide synthesis; unsafe as citation authority || ADDITIONAL AUDIT: condensed root synthesis/index","supporting_duplicate","Chapter 20: Prospect Theory","No double counting: integrated through the named canonical source or source family.","efb21b6637a9427d319062fa9b1c278c4368ba78aeabd8f2c8a6adf69ba9ee9f"
"14. Intertemporal Decision Making.pptx","06/Intertemporal choice","pptx","condensed root synthesis/index","incorporated_via_source_family","Chapter 22: Intertemporal Decision-Making; bridge to Chapter 26","Distinctive, relevant concepts, examples, activities, and cautions were integrated in the mapped destination; obsolete administration and unsupported claims were omitted.","97f642bfdc54685822052abceef8072cd1b1dd27f5497a3d58f03425a3b4f724"
"15. Decision from Experience.pptx","07/Decision from experience","pptx","condensed root synthesis/index","incorporated_via_source_family","Chapter 21: Decisions from Experience","Distinctive, relevant concepts, examples, activities, and cautions were integrated in the mapped destination; obsolete administration and unsupported claims were omitted.","fc3386cc73af58eb0d63980f27a23343c3559c573bd3ee254564516d95cc8a48"
"BE01. Decision Process - Complete 2h.pptx","01 Foundations — decision process","pptx","complete two-hour teaching version; enrichment source","supporting_duplicate","Chapters 1–8, Chapter 48, and Appendix C","No double counting: integrated through the named canonical source or source family.","1de6d4d50b1ea3b5a9b52e761a278e6fd5e30add02c193824e9553c436a38590"
"BE01. Decision Process - Revised 2h.pptx","01 Foundations — decision process","pptx","revised two-hour teaching version; preferred scientific spine","supporting_duplicate","Chapters 1–8, Chapter 48, and Appendix C","No double counting: integrated through the named canonical source or source family.","165f82b6e86bc60acd757a04ad9dfad2748adf6a75efb0db5940cc046568e225"
"BE01. Decision Process.pptx","01 Foundations — decision process","pptx","legacy long deck with hidden appendix","supporting_duplicate","Chapters 1–8, Chapter 48, and Appendix C","No double counting: integrated through the named canonical source or source family.","b36872d4cd47a6efcd205f6a0ead93ed14f46476b278239c8cb5a8fb62b6a7dd"
"BE02. Attention, Prediction, and Expectation - Complete 2h.pptx","02 Attention — selection, prediction, and expectation","pptx","complete two-hour teaching version; enrichment source","supporting_duplicate","Chapters 6–8: attention, predictive inference, and expectation","No double counting: integrated through the named canonical source or source family.","2a450c497a9404f5b2b14e95c4a7a0252a5d53976a1b7f7d9fb9222c76b4852c"
"BE02. Attention_Prediction_Expectation.pptx","02 Attention — selection, prediction, and expectation","pptx","legacy/integrated teaching version","supporting_duplicate","Chapters 6–8: attention, predictive inference, and expectation","No double counting: integrated through the named canonical source or source family.","ced43b8d76b12c814337fee4f6615507eba7ac8a840986277f22397237445cb1"
"BE02. Neuroscience of Decision Making - Revised 2h.pptx","01 Foundations — neuroscience of judgment and decision","pptx","revised two-hour teaching version; preferred scientific spine","supporting_duplicate","Chapters 1–8, Chapter 48, and Appendix C","No double counting: integrated through the named canonical source or source family.","74f6cca88f8d3e166cee54040a04325a0e3078ac0b90d53b973dd34c4048f7b7"
"BE03&04. Heuristics & Biases.pptx","02 Heuristics and biases — combined lecture","pptx","legacy/integrated teaching version","supporting_duplicate","Chapters 9–18: heuristics, biases, probability, framing, priming, and fluency","No double counting: integrated through the named canonical source or source family.","1d87eeb78aeeb034a237fe233450ebb50d2148378a6472b6ec6d4018bb97c557"
"BE03. Limited Attention and Two-Process Thinking - Revised 2h.pptx","02 Attention — selection, prediction, and expectation","pptx","revised two-hour teaching version; preferred scientific spine","supporting_duplicate","Chapters 6–8: attention, predictive inference, and expectation","No double counting: integrated through the named canonical source or source family.","08edd12ad9ef63942654061b4b674a260410e9e5efe8f7692aefb21540094b02"
"BE03. Two Systems and Heuristics - Complete 2h.pptx","02 Heuristics — two-process thinking","pptx","complete two-hour teaching version; enrichment source","supporting_duplicate","Chapters 9–18: heuristics, biases, probability, framing, priming, and fluency","No double counting: integrated through the named canonical source or source family.","181567676c1de350607a616cc92c6b05962ace6e9191f9a5cc3f4183c84e06cd"
"BE04. Biases and Contextual Influence - Complete 2h.pptx","02 Biases — story protection and contextual judgment","pptx","complete two-hour teaching version; enrichment source","supporting_duplicate","Chapters 9–18: heuristics, biases, probability, framing, priming, and fluency","No double counting: integrated through the named canonical source or source family.","3778c96c3822cb8a8d84f1ff0aebdd724613f15642466a47289126f05c4d8325"
"BE04. Heuristics, Biases, and Contextual Influence - Revised 2h.pptx","02 Heuristics and biases — combined lecture","pptx","revised two-hour teaching version; preferred scientific spine","supporting_duplicate","Chapters 9–18: heuristics, biases, probability, framing, priming, and fluency","No double counting: integrated through the named canonical source or source family.","7707bed7d48327cc2d2508583eed9a7fbf502586b6ea7edcb0008f86c01e9750"
"BE05. Habits and Behavior Design - Complete 2h.pptx","03 Habits and behavior design","pptx","complete two-hour teaching version; enrichment source","supporting_duplicate","Chapters 44–48: habits, self-control, behavior and decision design","No double counting: integrated through the named canonical source or source family.","33325f898b187f39a6eed821c1c8064bc46473247120b3c7fc0c5db1748a9427"
"BE05. Habits and Behavior Design - Revised 2h.pptx","03 Habits and behavior design","pptx","revised two-hour teaching version; preferred scientific spine","supporting_duplicate","Chapters 44–48: habits, self-control, behavior and decision design","No double counting: integrated through the named canonical source or source family.","3e25d9e2753de42ece5f4b60b4c40d7d955f25297d4b7af19331f644d78b1daf"
"BE05. Habits and Behavior Design.pptx","03 Habits and behavior design","pptx","legacy/draft teaching version","supporting_duplicate","Chapters 44–48: habits, self-control, behavior and decision design","No double counting: integrated through the named canonical source or source family.","8e1c3c7d8c4758f79627452ad2b8938b93adccb4f91c2ff7665f91d686227a98"
"BE06. Choice Architecture.pptx","03 Choice architecture and nudge","pptx","exact duplicate","supporting_duplicate","Chapter 47: Choice Architecture","No double counting: integrated through the named canonical source or source family.","a27184154813c22c9f59e7f75cd3311757125b058e3229160332a4bafcd863dd"
"BE06. Nudge and Choice Architecture - Complete 2h.pptx","03 Choice architecture and nudge","pptx","complete two-hour teaching version; enrichment source","supporting_duplicate","Chapter 47: Choice Architecture","No double counting: integrated through the named canonical source or source family.","f280ea1968ebabf005a057863058f330e84ecc0bcad1b6bca7f2341bc5a3e304"
"BE06. Nudge and Choice Architecture - Revised 2h.pptx","03 Choice architecture and nudge","pptx","revised two-hour teaching version; preferred scientific spine","supporting_duplicate","Chapter 47: Choice Architecture","No double counting: integrated through the named canonical source or source family.","b9663dc058de8ae57096e70c954481489714f7a2b2ff71f5bc30fa8207f1957e"
"BE06. Nudge and Choice Architecture.pptx","03 Choice architecture and nudge","pptx","legacy/draft teaching version","supporting_duplicate","Chapter 47: Choice Architecture","No double counting: integrated through the named canonical source or source family.","344508d9ffd01dc50a3b658fc25365d6b36647ef8c7210e8dfa907d74da8223a"
"BE07. Mental Accounting - Complete 2h.pptx","06/Mental accounting","pptx","modern comprehensive companion deck","incorporated_via_source_family","Chapter 23: Mental Accounting","Distinctive, relevant concepts, examples, activities, and cautions were integrated in the mapped destination; obsolete administration and unsupported claims were omitted.","32f876d9a740c6274977bde6ef1f129cd747008bb6d77c7871e8910dc2be4a13"
"BE07. Mental Accounting - Revised 2h.pptx","06/Mental accounting","pptx","modern revised canonical teaching deck","incorporated_via_source_family","Chapter 23: Mental Accounting","Distinctive, relevant concepts, examples, activities, and cautions were integrated in the mapped destination; obsolete administration and unsupported claims were omitted.","27c3807b68821659e9dcc2a203618da8eb9368b5161c759aa4fd6e41d119f13e"
"BE07. Mental Acounting.pptx","06/Mental accounting","pptx","byte-identical duplicate","supporting_duplicate","Chapter 23: Mental Accounting","No double counting: integrated through the named canonical source or source family.","7ec30f77c8c4285a85bdc3ce4b0f800b62e7ac226a0a95e3d010370b8317966f"
"BE08. Strategic Interdependence - Complete 2h.pptx","05/Strategic interdependence","pptx","modern comprehensive companion deck","incorporated_via_source_family","Chapters 27–28: strategic interdependence and behavioral game theory","Distinctive, relevant concepts, examples, activities, and cautions were integrated in the mapped destination; obsolete administration and unsupported claims were omitted.","74f140613705f6c90a6b2fc6fa39619f4a81133d03319d71f924fb4c967224cc"
"BE08. Strategic Interdependence - Revised 2h.pptx","05/Strategic interdependence","pptx","modern revised canonical teaching deck","incorporated_via_source_family","Chapters 27–28: strategic interdependence and behavioral game theory","Distinctive, relevant concepts, examples, activities, and cautions were integrated in the mapped destination; obsolete administration and unsupported claims were omitted.","85c6e104b7aff84e394260ce5fce771d349bc8fc67d149b0e56d0854a2a753eb"
"BE08. Strategic Interdependence.pptx","05/Strategic interdependence","pptx","byte-identical duplicate","supporting_duplicate","Chapters 27–28: strategic interdependence and behavioral game theory","No double counting: integrated through the named canonical source or source family.","f3a98cb874b947aca17adc73a808c3559f5d91876411cacbb7c46591204c8881"
"BE09. Behavioral Finance and Investment Decisions - Complete 2h.pptx","06/Behavioral finance and investment decisions","pptx","modern comprehensive companion deck","incorporated_via_source_family","Chapter 24: Behavioral Finance","Distinctive, relevant concepts, examples, activities, and cautions were integrated in the mapped destination; obsolete administration and unsupported claims were omitted.","4ac45dbfab35888e5d8a7dd0eb3058f614828cbf52cc73327cc32f0a9d829cf6"
"BE09. Behavioral Finance and Investment Decisions - Revised 2h.pptx","06/Behavioral finance and investment decisions","pptx","modern revised canonical teaching deck","incorporated_via_source_family","Chapter 24: Behavioral Finance","Distinctive, relevant concepts, examples, activities, and cautions were integrated in the mapped destination; obsolete administration and unsupported claims were omitted.","7a868a3a9a514421d14ca9d23ca9d4fa31f38e3ecd3e5b53b4134585083f33d4"
"BE09. Investment Decisions.pptx","06/Behavioral finance and investment decisions","pptx","byte-identical duplicate","supporting_duplicate","Chapter 24: Behavioral Finance","No double counting: integrated through the named canonical source or source family.","bb7623ee5d3fb0efffaee430b19057c29b6884527a36c5d2c4ca25ebff2f8c35"
"BE10. Asset Bubbles - Complete 2h.pptx","06/Asset bubbles","pptx","modern comprehensive companion deck","incorporated_via_source_family","Chapter 25: Asset Bubbles","Distinctive, relevant concepts, examples, activities, and cautions were integrated in the mapped destination; obsolete administration and unsupported claims were omitted.","e122a3966171a91d791da8569ec2e69c17a28fb1c8ad7d0a078b2f70e4847f35"
"BE10. Asset Bubbles - Revised 2h.pptx","06/Asset bubbles","pptx","modern revised canonical teaching deck","incorporated_via_source_family","Chapter 25: Asset Bubbles","Distinctive, relevant concepts, examples, activities, and cautions were integrated in the mapped destination; obsolete administration and unsupported claims were omitted.","08dc3a8bcb38f9a568896b0789adfb091983c71b391b6edbe2963a7295a633ac"
"BE10. Asset Bubbles .pptx","06/Asset bubbles","pptx","byte-identical duplicate","supporting_duplicate","Chapter 25: Asset Bubbles","No double counting: integrated through the named canonical source or source family.","48742da32a2ae8631e3e7d41bab6ffa2a285a48905ef2fa94779b52ebb0cac37"
"DPN2026/DPN01. Decision Process.pdf","DPN2026 lecture sequence","pdf","authoritative current lecture handout","incorporated_via_source_family","Chapters 1–5: decision process, benchmark, sacrifice, valuation, and post-choice learning","Distinctive, relevant concepts, examples, activities, and cautions were integrated in the mapped destination; obsolete administration and unsupported claims were omitted.","6f313888a62110d0573b524865cf827c7decae81223bbaa1795e0177ca7a72c2"
"DPN2026/DPN02. Attention_Prediction_Expectation.pdf","DPN2026 lecture sequence","pdf","authoritative current lecture handout","incorporated_via_source_family","Chapters 6–8: attention, predictive inference, and expectation","Distinctive, relevant concepts, examples, activities, and cautions were integrated in the mapped destination; obsolete administration and unsupported claims were omitted.","09e827f92087c1fa75085998882bfde063c9b14f0f457e55bb6e787705aaff59"
"DPN2026/DPN03. Heuristics & Biases.pdf","DPN2026 lecture sequence","pdf","authoritative current lecture handout","incorporated_via_source_family","Chapters 9–18: two-process thinking, heuristics, biases, probability, framing, priming, and fluency","Distinctive, relevant concepts, examples, activities, and cautions were integrated in the mapped destination; obsolete administration and unsupported claims were omitted.","f9dab61909ae184e9c9035d227e4144248b7cca7890eedfacb897ce99453e79b"
"DPN2026/DPN04. Influence & Persuasion.pdf","DPN2026 lecture sequence","pdf","authoritative current lecture handout","incorporated_via_source_family","Chapters 33–36: influence, persuasion, and evidence-aligned narrative","Distinctive, relevant concepts, examples, activities, and cautions were integrated in the mapped destination; obsolete administration and unsupported claims were omitted.","fbca01003d35f7c99fd766bbfa18c241cefe442a6bb39e0f0978d89efc3344e2"
"DPN2026/DPN05. Distributive Negotiation.pdf","DPN2026 lecture sequence","pdf","authoritative current lecture handout","incorporated_via_source_family","Chapters 37–41: the unified Negotiation part","Distinctive, relevant concepts, examples, activities, and cautions were integrated in the mapped destination; obsolete administration and unsupported claims were omitted.","2d7cb01864bd51c21e46e81dc95fcb3a0a6bebde34582e73f30a2039f67bb5c8"
"DPN2026/DPN06. Integrative Negotiation.pdf","DPN2026 lecture sequence","pdf","authoritative current lecture handout","incorporated_via_source_family","Chapters 37–41: the unified Negotiation part","Distinctive, relevant concepts, examples, activities, and cautions were integrated in the mapped destination; obsolete administration and unsupported claims were omitted.","b6b1124b840a4926213bde65655beee29841b0dadcf042df19a2cf70d0437dd5"
"DPN2026/DPN07. Communication & Connection.pdf","DPN2026 lecture sequence","pdf","authoritative current lecture handout","incorporated_via_source_family","Chapters 42–43: communication, connection, and repair","Distinctive, relevant concepts, examples, activities, and cautions were integrated in the mapped destination; obsolete administration and unsupported claims were omitted.","9269676186d44d202fd50a203dcd38f8e561461ffa0a1c6404cbbe2abb49c222"
"Editable_Active_Inference_Diagram_with_Icons  -  Repaired.pptx","01 Foundations — predictive processing, free energy, and active inference || ADDITIONAL AUDIT: Top-level repaired active-inference assets","pptx","single-slide native editable diagram asset || ADDITIONAL AUDIT: single-slide editable source asset","supporting_duplicate","Chapters 1–8, Chapter 48, and Appendix C","No double counting: integrated through the named canonical source or source family.","ea1e7293c6ef4b10290dec2f88bdf0d1d9dbaf7cd0a105db9e50b0085816fa70"
"FEP_Active_Inference_Behavioral_Economics_Lecture  -  Repaired.pptx","01 Foundations — predictive processing, free energy, and active inference || ADDITIONAL AUDIT: Top-level repaired active-inference assets","pptx","broad applied active-inference variant || ADDITIONAL AUDIT: broad alternative teaching deck","supporting_duplicate","Chapters 1–8, Chapter 48, and Appendix C","No double counting: integrated through the named canonical source or source family.","791c22c074afc39856aaec2d0e9cc7fc323910376f5b1a1700b953e449de4a8a"
"FEP_Active_Inference_Behavioral_Economics_Lecture(1)  -  Repaired.pptx","01 Foundations — predictive processing, free energy, and active inference || ADDITIONAL AUDIT: Top-level repaired active-inference assets","pptx","advanced mathematical active-inference variant || ADDITIONAL AUDIT: technically precise alternative deck","supporting_duplicate","Chapters 1–8, Chapter 48, and Appendix C","No double counting: integrated through the named canonical source or source family.","7453374f097075c35e40a1184f1e329690ca19596605bb759b6e477db50c89a4"
"Readings/.DS_Store","Readings","none","macOS administrative artifact","excluded_noncontent","none","Administrative or generated build artifact; inventoried and verified, but it contains no book content.","2b3a18a1838808fd29d2ea17030dd4535de982e8b7d360efc55f0899eb63f105"
"Readings/01 - AI, Prediction and Complexity/AI and Behavioral Economics.pdf","Readings / AI, prediction, and complexity","pdf","published scholarly chapter","synthesized_no_direct_reproduction","Chapter 7, Chapter 48, and Appendix C: prediction, AI, and evidence boundaries","Synthesized and cited where relevant; copyrighted article text and figures were not reproduced.","dc0f9d7ba5a4bf301314c104c8fb14e04b207ffdb8c146ff9139dc4091b3c189"
"Readings/01 - AI, Prediction and Complexity/Impact of ML on economics.pdf","Readings / AI, prediction, and complexity","pdf","published scholarly chapter","synthesized_no_direct_reproduction","Chapter 7, Chapter 48, and Appendix C: prediction, AI, and evidence boundaries","Synthesized and cited where relevant; copyrighted article text and figures were not reproduced.","b3f6939ca570daa573274f2c6c21add0e3ccb97fbc42d2295adeb925e0eabb1b"
"Readings/01 - AI, Prediction and Complexity/Impact_ML_on_Econ_Summary.pptx","Readings / AI, prediction, and complexity","pptx","derivative summary deck","supporting_duplicate","Chapter 7, Chapter 48, and Appendix C: prediction, AI, and evidence boundaries","No double counting: integrated through the named canonical source or source family.","53b299a92e0b9f5189a4935be118ff74e648dfdb7dc530e57e5e605ae49f22fb"
"Readings/01 - AI, Prediction and Complexity/Prediction Judgment and Complexity.pdf","Readings / AI, prediction, and complexity","pdf","published scholarly chapter","synthesized_no_direct_reproduction","Chapter 7, Chapter 48, and Appendix C: prediction, AI, and evidence boundaries","Synthesized and cited where relevant; copyrighted article text and figures were not reproduced.","dc01cdf8ed6a9bd8d911803c6c22df616a7674716de03b438bd6e5811c9e01dd"
"Readings/01 - AI, Prediction and Complexity/Prediction_Judgment_Complexity_Summary.pptx","Readings / AI, prediction, and complexity","pptx","derivative summary deck","supporting_duplicate","Chapter 7, Chapter 48, and Appendix C: prediction, AI, and evidence boundaries","No double counting: integrated through the named canonical source or source family.","6c79d30766d6f5dd1f8dc474fac936ff444d84fbbc3cdd547e58727b619133b8"
"Readings/01 - AI, Prediction and Complexity/The economics of artificial intelligence an agenda.pdf","Readings / AI, prediction, and complexity","pdf","copyrighted edited volume / source repository","incorporated_via_source_family","Chapter 7, Chapter 48, and Appendix C: prediction, AI, and evidence boundaries","Distinctive, relevant concepts, examples, activities, and cautions were integrated in the mapped destination; obsolete administration and unsupported claims were omitted.","7f3e4ef096e63727facd42f052b69209be1eea5c5a5465fe7df5f928e366fcf7"
"Readings/01 - AI, Prediction and Complexity/__From Perception to Choice_ Understanding the Dimensions of Decision Making__.docx","Readings / AI, prediction, and complexity","docx","synthetic derivative reading / source-discovery aid","verification_lead_only","Chapter 7, Chapter 48, and Appendix C: prediction, AI, and evidence boundaries","Used as a checklist or source-discovery lead; no unverified claim was imported as evidence.","c312ce0b5902a2e11980f77598e330bf51dfa51d8e781024421c140561aac73b"
"Readings/01 - AI, Prediction and Complexity/__From Perception to Choice_ Understanding the Dimensions of Decision Making__.pdf","Readings / AI, prediction, and complexity","pdf","rendered duplicate of synthetic DOCX","supporting_duplicate","Chapter 7, Chapter 48, and Appendix C: prediction, AI, and evidence boundaries","No double counting: integrated through the named canonical source or source family.","4b9aaaab1b7daba6f2063bf4ddac0d817c533124271a8388e897321b8359f158"
"Readings/02 - Research Design and Replication/Choosing the Right Research Question in Behavioral Economics.docx","Readings / research design and replication","docx","synthetic student guide","verification_lead_only","Appendix C: research design, power, replication, and claim calibration","Used as a checklist or source-discovery lead; no unverified claim was imported as evidence.","d307a0952657690cf870edc675afaa108a5f7fa7c11c7d157a4505d3d63056e6"
"Readings/02 - Research Design and Replication/Choosing the Right Research Question in Behavioral Economics.pdf","Readings / research design and replication","pdf","rendered duplicate of synthetic DOCX","supporting_duplicate","Appendix C: research design, power, replication, and claim calibration","No double counting: integrated through the named canonical source or source family.","7e6ddfb166b423d73fb67d4e34b158154802b4a9233844d6af736e72a8beebdc"
"Readings/02 - Research Design and Replication/Experimental Studies and Replication Failures Across Disciplines.docx","Readings / research design and replication","docx","synthetic replication-crisis survey / lead list","verification_lead_only","Appendix C: research design, power, replication, and claim calibration","Used as a checklist or source-discovery lead; no unverified claim was imported as evidence.","dc65495c23ab6d0a7a49984611991073c652f327dcf74285398fd0f577358c4d"
"Readings/02 - Research Design and Replication/Experimental Studies and Replication Failures Across Disciplines.pdf","Readings / research design and replication","pdf","rendered duplicate of synthetic DOCX","supporting_duplicate","Appendix C: research design, power, replication, and claim calibration","No double counting: integrated through the named canonical source or source family.","c088cb94f6a5e5693d02d9733f147f4812d10109b92cf4682ca91a17d414452f"
"Readings/02 - Research Design and Replication/Formulating a Strong Research Question for a Behavioral Economics Literature Review.docx","Readings / research design and replication","docx","synthetic student guide","incorporated_via_source_family","Appendix C: research design, power, replication, and claim calibration","Distinctive, relevant concepts, examples, activities, and cautions were integrated in the mapped destination; obsolete administration and unsupported claims were omitted.","3953a6d880eca2d4a02f771733bb4d2e84ecade30042d79f5ff5e67785202cc4"
"Readings/02 - Research Design and Replication/Formulating a Strong Research Question for a Behavioral Economics Literature Review.pdf","Readings / research design and replication","pdf","rendered duplicate of synthetic DOCX","supporting_duplicate","Appendix C: research design, power, replication, and claim calibration","No double counting: integrated through the named canonical source or source family.","7be680707ab6ec823e91edfa8084c15f7d647f3fc26c9a35f2e6f42b205e20a5"
"Readings/03 - Priming and Goal Setting/Chapter – Goal Setting and Priming Effects on Behavior.docx","Readings / priming and goal setting","docx","synthetic literature chapter","incorporated_via_source_family","Chapters 17, 46, and 48: priming, goals, behavior design, and evidence boundaries","Distinctive, relevant concepts, examples, activities, and cautions were integrated in the mapped destination; obsolete administration and unsupported claims were omitted.","cff9697ab5c643327fabeba1f28f788ea3c176150cefc0198cad842b893b2be4"
"Readings/03 - Priming and Goal Setting/Chapter – Goal Setting and Priming Effects on Behavior.pdf","Readings / priming and goal setting","pdf","rendered duplicate of synthetic DOCX","supporting_duplicate","Chapters 17, 46, and 48: priming, goals, behavior design, and evidence boundaries","No double counting: integrated through the named canonical source or source family.","7690f5789798348717bb10657e65a2bd3cea65b50b3d9f3b22be1fd60f130806"
"Readings/03 - Priming and Goal Setting/Priming, Subliminal Messaging, and Positive Thinking_ A Scientific Review and the Replication Crisis.docx","Readings / priming and goal setting","docx","synthetic replication-aware review / lead list","verification_lead_only","Chapters 17, 46, and 48: priming, goals, behavior design, and evidence boundaries","Used as a checklist or source-discovery lead; no unverified claim was imported as evidence.","c6e7f96a462c3319b98e67d11124bd15a114e325085b1ebd9eb57978a2739946"
"Readings/03 - Priming and Goal Setting/Priming, Subliminal Messaging, and Positive Thinking_ A Scientific Review and the Replication Crisis.pdf","Readings / priming and goal setting","pdf","rendered duplicate of synthetic DOCX","supporting_duplicate","Chapters 17, 46, and 48: priming, goals, behavior design, and evidence boundaries","No double counting: integrated through the named canonical source or source family.","c2ea20a6d13235354e072636b15ddb6ea66b8e279fd0b9404510f16ec523367c"
"Readings/Instructor Notes/Literature.docx","Readings / instructor notes","docx","minimal bibliography note","incorporated_via_source_family","Appendix C: bibliographic verification and replication guidance","Distinctive, relevant concepts, examples, activities, and cautions were integrated in the mapped destination; obsolete administration and unsupported claims were omitted.","a56b027272abd3fc22505dabb557488fd79ac842e13b69b99dcb14ef70a44cd1"
"Readings/Instructor Notes/Replication Crisis References.docx","Readings / instructor notes","docx","bibliographic lead list / rough notes","verification_lead_only","Appendix C: bibliographic verification and replication guidance","Used as a checklist or source-discovery lead; no unverified claim was imported as evidence.","c883d6fd6e429cdd715f828012f32eaaff68f90c5f443fc69443d5a2b8feb374"
